PRAGMA foreign_keys = ON;



------------------------------------------------------------------
--                          Region                              --
------------------------------------------------------------------



DROP TABLE IF EXISTS REGION;

CREATE TABLE IF NOT EXISTS REGION(
    ID INTEGER PRIMARY KEY AUTOINCREMENT,
    CODE INTEGER NOT NULL UNIQUE CHECK (CODE >= 0),
    ALIAS VARCHAR(3) NOT NULL CHECK (ALIAS <> ''),
    NAME VARCHAR(100)
);

-- Source: https://en.wikipedia.org/wiki/ISO_3166-1_alpha-2
INSERT INTO REGION (CODE, ALIAS, NAME) VALUES
(1, '001', 'World'),
(2, '002', 'Africa'),
(3, '003', 'North America'),
(4, 'AF', 'Afghanistan'),
(5, '005', 'South America'),
(8, 'AL', 'Albania'),
(9, '009', 'Oceania'),
(10, 'AQ', 'Antarctica'),
(11, '011', 'Western Africa'),
(12, 'DZ', 'Algeria'),
(13, '013', 'Central America'),
(14, '014', 'Eastern Africa'),
(15, '015', 'Northern Africa'),
(16, 'AS', 'American Samoa'),
(17, '017', 'Middle Africa'),
(18, '018', 'Southern Africa'),
(19, '019', 'Americas'),
(20, 'AD', 'Andorra'),
(21, '021', 'Northern America'),
(24, 'AO', 'Angola'),
(28, 'AG', 'Antigua and Barbuda'),
(29, '029', 'Caribbean'),
(30, '030', 'Eastern Asia'),
(31, 'AZ', 'Azerbaijan'),
(32, 'AR', 'Argentina'),
(34, '034', 'Southern Asia'),
(35, '035', 'South-eastern Asia'),
(36, 'AU', 'Australia'),
(39, '039', 'Southern Europe'),
(40, 'AT', 'Austria'),
(44, 'BS', 'Bahamas'),
(48, 'BH', 'Bahrain'),
(50, 'BD', 'Bangladesh'),
(51, 'AM', 'Armenia'),
(52, 'BB', 'Barbados'),
(53, '053', 'Australia and New Zealand'),
(54, '054', 'Melanesia'),
(56, 'BE', 'Belgium'),
(57, '057', 'Micronesia'),
(60, 'BM', 'Bermuda'),
(61, '061', 'Polynesia'),
(62, '062', 'South-Central Asia'),
(64, 'BT', 'Bhutan'),
(68, 'BO', 'Bolivia (Plurinational State of)'),
(70, 'BA', 'Bosnia and Herzegovina'),
(72, 'BW', 'Botswana'),
(74, 'BV', 'Bouvet Island'),
(76, 'BR', 'Brazil'),
(84, 'BZ', 'Belize'),
(86, 'IO', 'British Indian Ocean Territory'),
(90, 'SB', 'Solomon Islands'),
(92, 'VG', 'Virgin Islands (British)'),
(96, 'BN', 'Brunei Darussalam'),
(100, 'BG', 'Bulgaria'),
(104, 'MM', 'Myanmar'),
(108, 'BI', 'Burundi'),
(112, 'BY', 'Belarus'),
(116, 'KH', 'Cambodia'),
(120, 'CM', 'Cameroon'),
(124, 'CA', 'Canada'),
(132, 'CV', 'Cabo Verde'),
(136, 'KY', 'Cayman Islands'),
(140, 'CF', 'Central African Republic'),
(142, '142', 'Asia'),
(143, '143', 'Central Asia'),
(144, 'LK', 'Sri Lanka'),
(145, '145', 'Western Asia'),
(148, 'TD', 'Chad'),
(150, '150', 'Europe'),
(151, '151', 'Eastern Europe'),
(152, 'CL', 'Chile'),
(154, '154', 'Northern Europe'),
(155, '155', 'Western Europe'),
(156, 'CN', 'China'),
(158, 'TW', 'Taiwan, Province of China'),
(162, 'CX', 'Christmas Island'),
(166, 'CC', 'Cocos (Keeling) Islands'),
(170, 'CO', 'Colombia'),
(172, '172', 'Commonwealth of Independent States'),
(174, 'KM', 'Comoros'),
(175, 'YT', 'Mayotte'),
(178, 'CG', 'Congo'),
(180, 'CD', 'Congo, Democratic Republic of the'),
(184, 'CK', 'Cook Islands'),
(188, 'CR', 'Costa Rica'),
(191, 'HR', 'Croatia'),
(192, 'CU', 'Cuba'),
(196, 'CY', 'Cyprus'),
(200, '200', 'Czechoslovakia'),
(202, '202', 'Sub-Saharan Africa'),
(203, 'CZ', 'Czechia'),
(204, 'BJ', 'Benin'),
(208, 'DK', 'Denmark'),
(212, 'DM', 'Dominica'),
(214, 'DO', 'Dominican Republic'),
(218, 'EC', 'Ecuador'),
(222, 'SV', 'El Salvador'),
(226, 'GQ', 'Equatorial Guinea'),
(230, 'ET', 'Ethiopia'),
(231, 'ET', 'Ethiopia'),
(232, 'ER', 'Eritrea'),
(233, 'EE', 'Estonia'),
(234, 'FO', 'Faroe Islands'),
(238, 'FK', 'Falkland Islands (Malvinas)'),
(239, 'GS', 'South Georgia and the South Sandwich Islands'),
(242, 'FJ', 'Fiji'),
(246, 'FI', 'Finland'),
(248, 'AX', 'Åland Islands'),
(249, 'FR', 'France'),
(250, 'FR', 'France'),
(254, 'GF', 'French Guiana'),
(258, 'PF', 'French Polynesia'),
(260, 'TF', 'French Southern Territories'),
(262, 'DJ', 'Djibouti'),
(266, 'GA', 'Gabon'),
(268, 'GE', 'Georgia'),
(270, 'GM', 'Gambia'),
(275, 'PS', 'Palestine, State of'),
(276, 'DE', 'Germany'),
(278, 'DE', 'German Democratic Republic'),
(280, 'DE', 'Federal Republic of Germany'),
(288, 'GH', 'Ghana'),
(292, 'GI', 'Gibraltar'),
(296, 'KI', 'Kiribati'),
(300, 'GR', 'Greece'),
(304, 'GL', 'Greenland'),
(308, 'GD', 'Grenada'),
(312, 'GP', 'Guadeloupe'),
(316, 'GU', 'Guam'),
(320, 'GT', 'Guatemala'),
(324, 'GN', 'Guinea'),
(328, 'GY', 'Guyana'),
(332, 'HT', 'Haiti'),
(334, 'HM', 'Heard Island and McDonald Islands'),
(336, 'VA', 'Holy See'),
(340, 'HN', 'Honduras'),
(344, 'HK', 'Hong Kong'),
(348, 'HU', 'Hungary'),
(352, 'IS', 'Iceland'),
(356, 'IN', 'India'),
(360, 'ID', 'Indonesia'),
(364, 'IR', 'Iran (Islamic Republic of)'),
(368, 'IQ', 'Iraq'),
(372, 'IE', 'Ireland'),
(376, 'IL', 'Israel'),
(380, 'IT', 'Italy'),
(384, 'CI', 'Côte d''Ivoire'),
(388, 'JM', 'Jamaica'),
(392, 'JP', 'Japan'),
(398, 'KZ', 'Kazakhstan'),
(400, 'JO', 'Jordan'),
(404, 'KE', 'Kenya'),
(408, 'KP', 'Korea (Democratic People''s Republic of)'),
(410, 'KR', 'Korea, Republic of'),
(414, 'KW', 'Kuwait'),
(417, 'KG', 'Kyrgyzstan'),
(418, 'LA', 'Lao People''s Democratic Republic'),
(419, '419', 'Latin America and the Caribbean'),
(422, 'LB', 'Lebanon'),
(426, 'LS', 'Lesotho'),
(428, 'LV', 'Latvia'),
(430, 'LR', 'Liberia'),
(434, 'LY', 'Libya'),
(438, 'LI', 'Liechtenstein'),
(440, 'LT', 'Lithuania'),
(442, 'LU', 'Luxembourg'),
(446, 'MO', 'Macao'),
(450, 'MG', 'Madagascar'),
(454, 'MW', 'Malawi'),
(458, 'MY', 'Malaysia'),
(462, 'MV', 'Maldives'),
(466, 'ML', 'Mali'),
(470, 'MT', 'Malta'),
(474, 'MQ', 'Martinique'),
(478, 'MR', 'Mauritania'),
(480, 'MU', 'Mauritius'),
(484, 'MX', 'Mexico'),
(492, 'MC', 'Monaco'),
(496, 'MN', 'Mongolia'),
(498, 'MD', 'Moldova, Republic of'),
(499, 'ME', 'Montenegro'),
(500, 'MS', 'Montserrat'),
(504, 'MA', 'Morocco'),
(508, 'MZ', 'Mozambique'),
(512, 'OM', 'Oman'),
(516, 'NA', 'Namibia'),
(520, 'NR', 'Nauru'),
(524, 'NP', 'Nepal'),
(528, 'NL', 'Netherlands'),
(530, 'AN', 'Netherlands Antilles'),
(531, 'CW', 'Curaçao'),
(532, '532', 'Netherlands Antilles'),
(533, 'AW', 'Aruba'),
(534, 'SX', 'Sint Maarten (Dutch part)'),
(535, 'BQ', 'Bonaire, Sint Eustatius and Saba'),
(536, 'NT', 'Neutral Zone'),
(540, 'NC', 'New Caledonia'),
(548, 'VU', 'Vanuatu'),
(554, 'NZ', 'New Zealand'),
(558, 'NI', 'Nicaragua'),
(562, 'NE', 'Niger'),
(566, 'NG', 'Nigeria'),
(570, 'NU', 'Niue'),
(574, 'NF', 'Norfolk Island'),
(578, 'NO', 'Norway'),
(580, 'MP', 'Northern Mariana Islands'),
(581, 'UM', 'United States Minor Outlying Islands'),
(582, '582', 'Pacific Islands (Trust Territory)'),
(583, 'FM', 'Micronesia (Federated States of)'),
(584, 'MH', 'Marshall Islands'),
(585, 'PW', 'Palau'),
(586, 'PK', 'Pakistan'),
(591, 'PA', 'Panama'),
(598, 'PG', 'Papua New Guinea'),
(600, 'PY', 'Paraguay'),
(604, 'PE', 'Peru'),
(608, 'PH', 'Philippines'),
(612, 'PN', 'Pitcairn'),
(616, 'PL', 'Poland'),
(620, 'PT', 'Portugal'),
(624, 'GW', 'Guinea-Bissau'),
(626, 'TL', 'Timor-Leste'),
(630, 'PR', 'Puerto Rico'),
(634, 'QA', 'Qatar'),
(638, 'RE', 'Réunion'),
(642, 'RO', 'Romania'),
(643, 'RU', 'Russian Federation'),
(646, 'RW', 'Rwanda'),
(652, 'BL', 'Saint Barthélemy'),
(654, 'SH', 'Saint Helena, Ascension and Tristan da Cunha'),
(659, 'KN', 'Saint Kitts and Nevis'),
(660, 'AI', 'Anguilla'),
(662, 'LC', 'Saint Lucia'),
(663, 'MF', 'Saint Martin (French part)'),
(666, 'PM', 'Saint Pierre and Miquelon'),
(670, 'VC', 'Saint Vincent and the Grenadines'),
(674, 'SM', 'San Marino'),
(678, 'ST', 'Sao Tome and Principe'),
(682, 'SA', 'Saudi Arabia'),
(686, 'SN', 'Senegal'),
(688, 'RS', 'Serbia'),
(690, 'SC', 'Seychelles'),
(694, 'SL', 'Sierra Leone'),
(702, 'SG', 'Singapore'),
(703, 'SK', 'Slovakia'),
(704, 'VN', 'Viet Nam'),
(705, 'SI', 'Slovenia'),
(706, 'SO', 'Somalia'),
(710, 'ZA', 'South Africa'),
(716, 'ZW', 'Zimbabwe'),
(720, 'YE', 'Democratic Yemen'),
(724, 'ES', 'Spain'),
(728, 'SS', 'South Sudan'),
(729, 'SD', 'Sudan'),
(732, 'EH', 'Western Sahara'),
(736, 'SD', 'Sudan'),
(740, 'SR', 'Suriname'),
(744, 'SJ', 'Svalbard and Jan Mayen'),
(748, 'SZ', 'Eswatini'),
(752, 'SE', 'Sweden'),
(756, 'CH', 'Switzerland'),
(760, 'SY', 'Syrian Arab Republic'),
(762, 'TJ', 'Tajikistan'),
(764, 'TH', 'Thailand'),
(768, 'TG', 'Togo'),
(772, 'TK', 'Tokelau'),
(776, 'TO', 'Tonga'),
(780, 'TT', 'Trinidad and Tobago'),
(784, 'AE', 'United Arab Emirates'),
(788, 'TN', 'Tunisia'),
(792, 'TR', 'Turkey'),
(795, 'TM', 'Turkmenistan'),
(796, 'TC', 'Turks and Caicos Islands'),
(798, 'TV', 'Tuvalu'),
(800, 'UG', 'Uganda'),
(804, 'UA', 'Ukraine'),
(807, 'MK', 'North Macedonia'),
(810, 'SU', 'Union of Soviet Socialist Republics'),
(818, 'EG', 'Egypt'),
(826, 'GB', 'United Kingdom of Great Britain and Northern Ireland'),
(830, '830', 'Channel Islands'),
(831, 'GG', 'Guernsey'),
(832, 'JE', 'Jersey'),
(833, 'IM', 'Isle of Man'),
(834, 'TZ', 'Tanzania, United Republic of'),
(840, 'US', 'United States of America'),
(850, 'VI', 'Virgin Islands (U.S.)'),
(854, 'BF', 'Burkina Faso'),
(858, 'UY', 'Uruguay'),
(860, 'UZ', 'Uzbekistan'),
(862, 'VE', 'Venezuela (Bolivarian Republic of)'),
(876, 'WF', 'Wallis and Futuna'),
(882, 'WS', 'Samoa'),
(886, 'YE', 'Yemen'),
(887, 'YE', 'Yemen'),
(890, '890', 'Socialist Federal Republic of Yugoslavia'),
(891, 'YU', 'Serbia and Montenegro'),
(894, 'ZM', 'Zambia'),
(958, '958', NULL),
(959, '959', NULL),
(960, '960', NULL),
(961, 'QO', 'Outlying Oceania'),
(962, '962', NULL),
(963, '963', NULL),
(964, '964', NULL),
(965, '965', NULL),
(966, '966', NULL),
(967, 'EU', 'European Union'),
(968, '968', NULL),
(969, '969', NULL),
(970, '970', NULL),
(971, '971', NULL),
(972, '972', NULL),
(973, '973', NULL),
(974, '974', NULL),
(975, '975', NULL),
(976, '976', NULL),
(977, '977', NULL),
(978, '978', NULL),
(979, '979', NULL),
(980, '980', NULL),
(981, '981', NULL),
(982, '982', NULL),
(983, 'XK', 'Kosovo'),
(984, '984', NULL),
(985, '985', NULL),
(986, '986', NULL),
(987, '987', NULL),
(988, '988', NULL),
(989, '989', NULL),
(990, '990', NULL),
(991, '991', NULL),
(992, '992', NULL),
(993, '993', NULL),
(994, '994', NULL),
(995, '995', NULL),
(996, '996', NULL),
(997, '997', NULL),
(998, '998', NULL),
(999, 'ZZ', 'Unknown');



------------------------------------------------------------------
--                          Chord Type                          --
------------------------------------------------------------------



DROP TABLE IF EXISTS CHORD_TYPE;

CREATE TABLE IF NOT EXISTS CHORD_TYPE (
                                          ID INTEGER PRIMARY KEY AUTOINCREMENT,
                                          SYMBOL VARCHAR(20) UNIQUE,
                                          RN_SYMBOL VARCHAR(20) NOT NULL,
                                          RN_CAPITAL INTEGER(1) NOT NULL CHECK (RN_CAPITAL = 0 OR RN_CAPITAL = 1),
                                          RN_PRECEDENCE INTEGER NOT NULL DEFAULT 1 CHECK (RN_PRECEDENCE > 0),
                                          INTERVALS VARCHAR(100) NOT NULL, -- CHECK (INTERVALS REGEXP 'P1(, [mMPdA][0-9]+)+'),
                                          SIZE INTEGER                     -- set by trigger
);

-- Automatically count the number of notes in the chord
DROP TRIGGER IF EXISTS TRIG_CHORD_TYPE_SIZE;
CREATE TRIGGER TRIG_CHORD_TYPE_SIZE AFTER INSERT ON CHORD_TYPE
BEGIN
    UPDATE CHORD_TYPE
    SET SIZE = LENGTH(INTERVALS) - LENGTH(REPLACE(INTERVALS, ',', '')) + 1
    WHERE _ROWID_ = LAST_INSERT_ROWID();
END;

INSERT INTO CHORD_TYPE (SYMBOL, RN_SYMBOL, RN_CAPITAL, RN_PRECEDENCE, INTERVALS) VALUES
('maj', '', 1, 1, 'P1, M3, P5'),
('maj7', '', 0, 1, 'P1, M3, P5, M7'),
('7', '7', 1, 1, 'P1, M3, P5, m7'),
('add9', 'add9', 1, 1, 'P1, M3, P5, M9'),
('m', '', 0, 1, 'P1, m3, P5'),
('m7', '7', 0, 1, 'P1, m3, P5, m7'),
('dim', '˚', 0, 1, 'P1, m3, d5'),
('dim7', '˚7', 0, 1, 'P1, m3, d5, d7'),
('aug', '+', 1, 1, 'P1, M3, A5'),
('sus4', 'sus4', 1, 1, 'P1, P4, P5'),
('sus2', 'sus2', 1, 1, 'P1, M2, P5'),
('maj9', '9', 1, 1, 'P1, M3, P5, M7, M9'),
('maj13', '13', 1, 1, 'P1, M3, P5, M7, M9, P11, M13'),
('maj9♯11', '9♯11', 1, 1, 'P1, M3, P5, M7, M9, A11'),
('maj13♯11', '13♯11', 1, 1, 'P1, M3, P5, M7, M9, A11, M13'),
('6', '6', 1, 1, 'P1, M3, P5, M6'),
('6add9', '6add9', 1, 1, 'P1, M3, P5, M6, M9'),
('maj7♯5', '7♯5', 1, 1, 'P1, M3, A5, M7'),
('maj7♭5', '7♭5', 1, 1, 'P1, M3, d5, M7'),
('m9', '9', 0, 1, 'P1, m3, P5, m7, M9'),
('m11', '11', 0, 1, 'P1, m3, P5, m7, M9, P11'),
('m13', '13', 0, 1, 'P1, m3, P5, m7, M9, P11, M13'),
('m6', '6', 0, 1, 'P1, m3, P5, M6'),
('madd9', 'add9', 0, 1, 'P1, m3, P5, M9'),
('m6add9', '6add9', 0, 1, 'P1, m3, P5, M6, M9'),
('mM7', '7', 0, 1, 'P1, m3, P5, M7'),
('mM9', '9', 0, 1, 'P1, m3, P5, M7, M9'),
('m7♭5', 'ø7', 0, 2, 'P1, m3, d5, m7'),
('ø7', 'ø7', 0, 1, 'P1, m3, d5, m7'),
('m7♯5', '7♯5', 0, 1, 'P1, m3, A5, m7'),
('9', '9', 1, 1, 'P1, M3, P5, m7, M9'),
('11', '11', 1, 1, 'P1, M3, P5, m7, M9, P11'),
('13', '13', 1, 1, 'P1, M3, P5, m7, M9, P11, M13'),
('7sus4', '7sus4', 1, 1, 'P1, P4, P5, m7'),
('7♭5', '7♭5', 1, 1, 'P1, M3, d5, m7'),
('7♯5', '7♯5', 1, 1, 'P1, M3, A5, m7'),
('7♭9', '7♭9', 1, 1, 'P1, M3, P5, m7, m9'),
('7♯9', '7♯9', 1, 1, 'P1, M3, P5, m7, A9'),
('7♭5♭9', '7♭5♭9', 1, 1, 'P1, M3, d5, m7, m9'),
('7♭5♯9', '7♭5♯9', 1, 1, 'P1, M3, d5, m7, A9'),
('7♯5♭9', '7♯5♭9', 1, 1, 'P1, M3, A5, m7, m9'),
('7♯5♯9', '7♯5♯9', 1, 1, 'P1, M3, A5, m7, A9'),
('9♭5', '9♭5', 1, 1, 'P1, M3, d5, m7, M9'),
('9♯5', '9♯5', 1, 1, 'P1, M3, A5, m7, M9'),
('13♯11', '13♯11', 1, 1, 'P1, M3, P5, m7, M9, A11, M13'),
('13♭9', '13♭9', 1, 1, 'P1, M3, P5, m7, m9, M13'),
('11♭9', '11♭9', 1, 1, 'P1, M3, P5, m7, m9, P11'),
('5', 'no3', 1, 1, 'P1, P5'),
('sus2sus4', 'sus2sus4', 1, 1, 'P1, M2, P4, P5'),
('-5', '-5', 1, 1, 'P1, M3, d5');





------------------------------------------------------------------
--                          Scale Type                          --
------------------------------------------------------------------





DROP TABLE IF EXISTS SCALE_TYPE;

CREATE TABLE IF NOT EXISTS SCALE_TYPE (
                                          ID INTEGER PRIMARY KEY AUTOINCREMENT,
                                          NAME VARCHAR(100) NOT NULL UNIQUE CHECK (NAME <> ''),
                                          INTERVALS VARCHAR(100) NOT NULL, -- CHECK (INTERVALS REGEXP 'P1(, [mMPdA][0-9]+)+'), TODO: use GLOB wildcards?
                                          SIZE INTEGER,										-- set by trigger
                                          ORIGIN INTEGER,
                                          FOREIGN KEY(ORIGIN) REFERENCES REGION(ID)
);

-- -- Do not allow any new entries to this table where the scale name differs only by capitalization or whitespace
DROP TRIGGER IF EXISTS TRIG_SCALE_TYPE_MATCHING_NAME;
CREATE TRIGGER TRIG_SCALE_TYPE_MATCHING_NAME BEFORE INSERT ON SCALE_TYPE
BEGIN
    SELECT
        (CASE
             WHEN (SELECT COUNT(*) FROM SCALE_TYPE s WHERE TRIM(s.NAME) = TRIM(new.NAME) COLLATE NOCASE) > 0
                 THEN RAISE(ABORT, 'Another scale by the same name already exists')
            END)
    FROM SCALE_TYPE;
END;

-- Automatically count the number of notes in the scale
DROP TRIGGER IF EXISTS TRIG_SCALE_TYPE_SIZE;
CREATE TRIGGER TRIG_SCALE_TYPE_SIZE AFTER INSERT ON SCALE_TYPE
BEGIN
    UPDATE SCALE_TYPE
    SET SIZE = LENGTH(INTERVALS) - LENGTH(REPLACE(INTERVALS, ',', '')) + 1
    WHERE _ROWID_ = LAST_INSERT_ROWID();
END;

INSERT INTO SCALE_TYPE (NAME, INTERVALS, ORIGIN) VALUES
('Acoustic', 'P1, M2, M3, A4, P5, M6, m7', NULL),
('Adonai Malakh', 'P1, m2, M2, m3, P4, P5, M6, m7', 145), -- Jewish
('Aeolian', 'P1, M2, m3, P4, P5, m6, m7', 125),
('Aeolian Harmonic', 'P1, A2, M3, A4, P5, M6, M7', 125),
('Aeolian Major', 'P1, M2, M3, P4, P5, m6, m7', 125),
('Aeolian Pentatonic', 'P1, m3, P4, P5, m7', 125),
('Aeolian b1', 'P1, A2, M3, A4, A5, M6, M7', 125),
('Ahava Rabba', 'P1, m2, A2, M3, P4, d5, m6, m7', 145), -- Jewish
('Akebono I', 'P1, M2, m3, P5, M6', 149),
('Akebono II', 'P1, m2, P4, P5, m6', 149),
('Algerian', 'P1, M2, m3, P4, A4, P5, m6, M7', 239),
('Alhijaz', 'P1, m2, M3, P4, P5, m6, m7', 239),
('Altered Diminished', 'P1, m2, m3, d4, d5, m6, d7', NULL),
('Altered Dominant', 'P1, m2, m3, d4, d5, m6, m7', NULL),
('Altered Lydian', 'P1, M2, M3, A4, A5, M6, M7', NULL),
('Altered Mixolydian I', 'P1, M2, M3, P4, P5, A5, M6, M7', NULL),
('Altered Mixolydian II', 'P1, M2, M3, P4, P5, m6, M6, M7', NULL),
('Altered Pentatonic', 'P1, m2, P4, P5, M6', NULL),
('Ambassel', 'P1, m2, P4, P5, m6', 99),
('Ancient Chinese', 'P1, M2, M3, A4, P5, M6', 74),
('Anhemitonic Hexatonic', 'P1, M2, M3, A4, A5, A6', NULL),
('Arabic', 'P1, m2, M3, P4, P5, m6, m7', 239),
('Ararai', 'P1, M2, M3, P4, P5, M6, M7', 99),
('Arezzo Major Diatonic Hexachord', 'P1, M2, M3, P4, P5, M6', 146),
('Asawari Thaat', 'P1, M2, m3, P4, P5, m6, m7', 140),
('Augmented Hexatonic', 'P1, A2, M3, P5, m6, M7', NULL),
('Auxiliary Diminished', 'P1, M2, m3, P4, d5, m6, M6, M7', NULL),
('Bacovia', 'P1, M3, P4, m6, M7', 226),
('Balinese Pelog', 'P1, m2, m3, P5, m6', 141), -- Balinese
('Banshikicho', 'P1, M2, m3, d4, P5, M6, m7', 149),
('Bartok', 'P1, M2, M3, A4, P5, M6, m7', 138),
('Bati', 'P1, m3, P4, P5', 99),
('Bebop Dominant', 'P1, M2, M3, P4, P5, M6, m7, M7', 286),
('Bebop Half-Diminished', 'P1, m2, m3, P4, d5, P5, m6, M7', 286),
('Bebop Major I', 'P1, M2, M3, P4, P5, A5, M6, M7', 286),
('Bebop Major II', 'P1, M2, M3, P4, P5, m6, M6, M7', 286),
('Bebop Minor', 'P1, M2, m3, M3, P4, P5, M6, m7', 286),
('Bhairavi Thaat', 'P1, m2, m3, P4, P5, m6, m7', 140), -- North Indian
('Bhairav Thaat', 'P1, m2, M3, P4, P5, m6, M7', 140), -- North Indian
('Bhairubahar Thaat', 'P1, m2, M3, P4, P5, M6, M7', 140), -- North Indian
('Bilawal Thaat', 'P1, M2, m3, P4, P5, M6, M7', 140), -- North Indian
('Bi Yu', 'P1, m3, P5, m7', 74),
('"Black Key" Pentatonic', 'P1, M2, P4, P5, M6', NULL),
('Blues', 'P1, m3, P4, A4, P5, m7', 2),
('Blues Nine-Note', 'P1, M2, m3, M3, P4, d5, P5, M6, m7', 2),
('Blues Enneatonic', 'P1, M2, m3, M3, P4, d5, P5, M6, m7', 2),
('Blues Heptatonic', 'P1, m3, M3, P4, d5, P5, m7', 2),
('Blues Hexatonic', 'P1, m3, P4, d5, P5, m7', 2),
('Blues Pentatonic', 'P1, m3, P4, d5, m7', 2),
('Blues I', 'P1, m3, P4, d5, m7', 2),
('Blues Major ascending', 'P1, M2, A2, M3, P5, M6', 2),
('Blues Major descending', 'P8, M6, P5, M3, m3, M2', 2),
('Blues Minor ascending', 'P1, m3, P4, d5, P5, m7', 2),
('Blues Minor descending', 'P8, m7, P5, d5, P4, m3', 2),
('Blues Nonatonic', 'P1, M2, m3, M3, P4, d5, P5, M6, m7', 2),
('Blues III', 'P1, M2, m3, M3, P4, d5, P5, M6, m7', 2),
('Blues IV', 'P1, M2, m3, P4, d5, P5, M6, m7', 2),
('Blues V', 'P1, m3, M3, P4, d5, P5, m7, M7', 2),
('Blues VI', 'P1, m3, M3, P4, d5, P5, M6, m7, M7', 2),
('Bluesy R and R', 'P1, m3, M3, P4, P5, M6, m7', 2),
('Byzantine Liturgical Chromatic', 'P1, m2, M3, P4, P5, m6, M7', 271), -- Byzantine
('Byzantine', 'P1, m2, M3, P4, P5, m6, M7', 271), -- Byzantine
('Chad Gadyo', 'P1, M2, m3, P4, P5', 145), -- Jewish
('Chiao', 'P1, M2, m3, P4, P5, m6, m7', 74),
('Chaio Two', 'P1, M2, P4, m6, m7', 74),
('Chin', 'P1, m3, d5, m6, m7', 74),
('Chinese', 'P1, M3, A4, P5, M7', 74),
('Ching', 'P1, M3, A4, P5, M7', 74),
('Chromatic (Harmonic)', 'P1, m2, M2, m3, M3, P4, A4, P5, m6, M6, m7, M7', NULL),
('Chromatic (Melodic) ascending', 'P1, A1, M2, A2, M3, P4, A4, P5, A5, M6, A6, M7', NULL),
('Chromatic (Melodic) descending', 'P8, M7, m7, M6, m6, P5, d5, P4, M3, m3, M2, m2', NULL),
('Chromatic and Diatonic Dorian mixed', 'P1, m2, M2, m3, P4, P5, m6, M6, m7', NULL),
('Chromatic and Permuted Diatonic Dorian mixed', 'P1, m2, M2, M3, P4, P5, m6, M6, M7', NULL),
('Chromatic Dorian', 'P1, m2, M2, P4, P5, m6, M6', NULL),
('Chromatic Hypodorian', 'P1, M2, m3, M3, P5, m6, M6', NULL),
('Chromatic Hypodorian Inverse', 'P1, m3, M3, P4, m6, M6, m7', NULL),
('Chromatic Hypolydian', 'P1, m2, M3, d5, P5, m6, M7', NULL),
('Chromatic Hypolydian Inverse', 'P1, m2, M3, P4, d5, m6, M7', NULL),
('Chromatic Hypophrygian', 'P1, m3, P4, d5, P5, m7, M7', NULL),
('Chromatic Hypophrygian Inverse', 'P1, m2, M2, P4, d5, P5, M6', NULL),
('Chromatic Lydian', 'P1, m2, M3, P4, d5, M6, M7', NULL),
('Chromatic Lydian Inverse', 'P1, m2, m3, d5, P5, m6, M7', NULL),
('Chromatic Mixolydian', 'P1, m2, M2, P4, d5, P5, m7', NULL),
('Chromatic Mixolydian Inverse', 'P1, M2, P4, d5, P5, m7, M7', NULL),
('Chromatic Phrygian', 'P1, m3, M3, P4, m6, m7, M7', NULL),
('Chromatic Phrygian Inverse', 'P1, m2, M2, M3, P5, m6, M6', NULL),
('Cushak', 'P1, M2, m3, P4, P5, m6, m7', 34),
('Dastgah Mahur', 'P1, M2, M3, P4, P5, M6, M7', 142),
('Dastgah Rast Panjgah', 'P1, M2, M3, P4, P5, M6, M7', 142),
('Deuterus authenticus', 'P1, m2, m3, P4, P5, m6, m7', NULL),
('Deuterus plagis', 'P1, m2, m3, P4, d5, m6, m7', NULL),
('Diatonic Major', 'P1, M2, M3, P4, P5, M6, M7', NULL),
('Diatonic Minor', 'P1, M2, m3, P4, P5, m6, m7', NULL),
('Diminished', 'P1, M2, m3, P4, d5, m6, M6, M7', NULL),
('Diminished Blues', 'P1, m2, m3, M3, A4, P5, M6, m7', NULL),
('Diminished b9', 'P1, m2, m3, P4, d5, m6, d7', NULL),
('Diminished Locrian', 'P1, m2, m3, d4, d5, m6, d7', NULL),
('Diminished Whole-tone I', 'P1, m2, m3, d4, d5, m6, m7', NULL),
('Diminished Whole-tone II', 'P1, m2, A2, M3, A4, A5, m7', NULL),
('Dominant 7th', 'P1, M2, P4, P5, M6, m7', NULL),
('Dominant Bebop', 'P1, M2, M3, P4, P5, M6, m7, M7', NULL),
('Dominant Diminished', 'P1, A1, A2, M3, A4, P5, M6, m7', NULL),
('Dorian/Aeolian mixed', 'P1, M2, m3, P4, P5, m6, M6, m7', NULL),
('Dorian Bebop', 'P1, M2, m3, M3, P4, P5, M6, m7', 286),
('Dorian b2', 'P1, m2, m3, P4, P5, M6, m7', NULL),
('Dorian b2 b5', 'P1, m2, m3, P4, d5, M6, m7', NULL),
('Dorian b5', 'P1, M2, m3, P4, d5, M6, m7', NULL),
('Dorian b9', 'P1, m2, m3, P4, d5, M6, m7', NULL),
('Dorian Greek', 'P1, m2, m3, P4, P5, m6, m7', 125),
('Dorian', 'P1, M2, m3, P4, P5, M6, m7', NULL),
('Dorian Minor', 'P1, M2, m3, P4, P5, M6, m7', NULL),
('Dorian Pentatonic', 'P1, M2, P4, P5, m7', NULL),
('Dorian #4', 'P1, M2, m3, A4, P5, M6, m7', NULL),
('Dorian #11', 'P1, M2, m3, A4, P5, M6, m7', NULL),
('Dorico Flamenco', 'P1, m2, M3, P4, P5, m6, m7', 252),
('Double Harmonic Major', 'P1, m2, M3, P4, P5, m6, M7', NULL),
('Double Harmonic Minor', 'P1, M2, m3, A4, P5, m6, M7', NULL),
('Double-Phrygian Hexatonic', 'P1, m2, m3, P4, d5, M6', NULL),
('Egyptian', 'P1, M2, P4, P5, m7', 279),
('Eight-Note Chinese', 'P1, M2, M3, P4, P5, M6, m7, M7', 74),
('Eight-Note Diminished', 'P1, M2, m3, P4, d5, m6, M6, M7', NULL),
('Eight-Note Spanish', 'P1, m2, A2, M3, P4, d5, m6, m7', 252),
('Enigmatic', 'P1, m2, M3, A4, A5, A6, M7', 146),
('Ethiopian', 'P1, M2, M3, P4, P5, m6, M7', 99),
('Eskimo Heptatonic', 'P1, M2, m3, P4, P5, M6, m7', 286), -- Alaskan
('Eskimo Hexatonic 1', 'P1, M2, m3, P4, P5, m7', 286), -- Alaskan
('Eskimo Hexatonic 2 (Alaska : Point Hope)', 'P1, M2, M3, d5, m6, M7', 286), -- Alaskan
('Eskimo tetratonic (Alaska : Bethel)', 'P1, M2, M3, P5', 286), -- Alaskan
('Esplá''s', 'P1, m2, m3, M3, P4, d5, m6, m7', NULL),
('Ezel', 'P1, M2, m3, P4, P5, m6, m7', 99),
('Fifth Mode', 'P1, M2, M3, P4, P5, A6', NULL),
('Five-Note Prometheus', 'P1, M2, M3, d5, m7', NULL),
('Four Semitone I', 'P1, M3, m6', NULL),
('Four Semitone II', 'P1, M3, A5', NULL),
('Freygish', 'P1, m2, A2, M3, P4, d5, m6, m7', NULL),
('Full Minor', 'P1, M2, m3, P4, P5, m6, M6, m7, M7', NULL),
('Geez', 'P1, M2, m3, P4, P5, m6, m7', 99),
('Genus chromaticum', 'P1, m2, m3, M3, P4, P5, m6, M6, M7', NULL),
('Genus diatonicum', 'P1, M2, M3, P4, P5, M6, m7, M7', 29), -- Latin
('Genus diatonicum veterum correctum', 'P1, M2, M3, P4, d5, P5, M6, M7', 29), -- Latin
('Genus primum', 'P1, M2, P4, P5', 29), -- Latin
('Genus secundum', 'P1, M3, P4, P5, M6, M7', 29), -- Latin
('Genus tertium', 'P1, m3, M3, P5, m6, M7', 29), -- Latin
('Ghana Heptatonic', 'P1, M2, M3, P4, P5, M6, M7', 2),
('Ghana Pentatonic I', 'P1, M2, m3, P4, P5', 2),
('Ghana Pentatonic II', 'P1, M2, M3, P5, M6', 2),
('Gnossiennes (Satie)', 'P1, M2, m3, A4, P5, M6, m7', 110),
('Gong', 'P1, M2, M3, P5, M6', 74),
('Gregorian no.1', 'P1, M2, m3, P4, P5, m6, M6, m7', 29), -- Church
('Gregorian no.2', 'P1, M2, M3, P4, P5, M6, m7', 29), -- Church
('Gregorian no.3', 'P1, m2, m3, P4, P5, m6, m7, M7', 29), -- Church
('Gregorian no.4', 'P1, M2, m3, P4, P5, m6, m7, M7', 29), -- Church
('Gregorian no.5', 'P1, M2, M3, P4, A4, P5, M6, M7', 29), -- Church
('Gregorian no.6', 'P1, M2, M3, P4, P5, M6, m7, M7', 29), -- Church
('Gregorian no.7', 'P1, M2, M3, P4, P5, M6, m7', 29), -- Church
('Gregorian no.8', 'P1, M2, m3, P4, P5, M6, m7', 29), -- Church
('Gypsy Hexatonic', 'P1, m2, M3, P4, P5, m6, M6', 226),
('Gypsy I', 'P1, M2, m3, A4, P5, m6, M7', 226),
('Gypsy II', 'P1, m2, M3, P4, P5, m6, M7', 226),
('Gu', 'P1, M2, M3, A4, P5, M6, M7', 74),
('Gu Xian', 'P1, m3, P4, P5, m7', 74),
('Half-Diminished', 'P1, M2, m3, P4, d5, m6, m7', NULL),
('Half-Diminished Bebop', 'P1, m2, m3, P4, d5, P5, m6, M7', 286),
('"Half-Whole step"', 'P1, m2, m3, M3, A4, P5, M6, m7', NULL),
('"Half-Whole tone"', 'P1, m2, m3, M3, A4, P5, M6, m7', NULL),
('Han-Iwato', 'P1, m2, P4, P5, m7', 149),
('Han-kumoi', 'P1, M2, P4, P5, m6', 149),
('"Hard" Pentatonic', 'P1, M2, P4, P5, M6', NULL),
('Harmonic and Neapolitan Minor mixed', 'P1, m2, M2, m3, P4, P5, m6, M7', NULL),
('Harmonic Major', 'P1, M2, M3, P4, P5, m6, M7', NULL),
('Harmonic Minor', 'P1, M2, m3, P4, P5, m6, M7', NULL),
('Hawaiian', 'P1, M2, m3, P4, P5, M6, M7', 286), -- Hawaiian
('Hawaiian 2', 'P1, M2, m3, P5, M6, M7', 286), -- Hawaiian
('Heptonia seconda', 'P1, M2, m3, P4, P5, M6, M7', NULL),
('Hindu', 'P1, M2, M3, P4, P5, m6, m7', 140),
('Hira-joshi', 'P1, M2, m3, P5, m6', 149),
('Hijaz', 'P1, M2, A3, A4, A5, M6, M7', 34),
('Hijaz Major', 'P1, m2, P4, d5, m6, M6, m7', 125),
('Hijazskiar Major', 'P1, m2, M3, P4, P5, m6, M7', 125),
('Honchoshi', 'P1, m2, P4, P5, m6, m7', 149),
('Honchoshi plagal form', 'P1, m2, m3, P4, d5, m7', 149),
('Honchoshi 2', 'P1, P4', 149),
('Hon-kumoi-joshi', 'P1, m2, P4, P5, m6', 149),
('Houseini', 'P1, M2, m3, M3, P4, P5, m6, M6, m7', 125),
('Houzam I Major', 'P1, A2, M3, P4, P5, M6, M7', 125),
('Houzam II', 'P1, m2, M3, d5, P5, M6, M7', 125),
('Hungarian Major', 'P1, A2, M3, A4, P5, M6, m7', 138),
('Hungarian Minor', 'P1, M2, m3, A4, P5, m6, M7', 138),
('Hyojo', 'P1, M2, m3, P4, P5, M6, m7', 149),
('Hyperaeolian', 'P1, m2, m3, P4, d5, m6, m7', 125),
('Hyperdorian', 'P1, m2, m3, P4, d5, m6, m7', 125),
('Hyperphrygian', 'P1, M2, m3, P4, P5, m6, m7', 125),
('Hypoaeolian', 'P1, m2, m3, P4, d5, m6, m7', 125),
('Hypodorian', 'P1, M2, m3, P4, P5, m6, m7', 125),
('Hypoionian', 'P1, M2, M3, P4, P5, M6, m7', 125),
('Hypolocrian', 'P1, M2, M3, A4, P5, M6, M7', 125),
('Hypolydian', 'P1, M2, M3, A4, P5, M6, M7', 125),
('Hypomixolydian', 'P1, M2, m3, P4, P5, M6, m7', 125),
('Hypophrygian', 'P1, M2, M3, P4, P5, M6, m7', 125),
('In', 'P1, m2, M2, P4, P5, m6, M6', 149),
('Insen', 'P1, m2, P4, P5, m6, m7', 149),
('Insen 2', 'P1, m2, P4, P5, m7', 149),
('Inverted Augmented', 'P1, m2, M3, P4, m6, M6', NULL),
('Ionian Augmented', 'P1, M2, M3, P4, A5, M6, M7', NULL),
('Ionian Iastian', 'P1, M2, M3, P4, P5, M6, m7', 125),
('Ionian', 'P1, M2, M3, P4, P5, M6, M7', NULL),
('Ionian Pentatonic', 'P1, M2, M3, P5, M6', NULL),
('Ionian #5', 'P1, M2, M3, P4, A5, M6, M7', NULL),
('Ichikotsucho', 'P1, M2, M3, P4, A4, P5, M6, M7', 149),
('Iwato', 'P1, m2, P4, d5, m7', 149),
('John Foulds'' ''Mantra of Will''', 'P1, m2, M3, d5, P5, m6, M6', NULL),
('Japanese mode', 'P1, M2, m3, P5, m6', 149),
('Jazz Minor', 'P1, M2, m3, P4, P5, M6, M7', 2),
('Jazz Minor inverse', 'P1, m2, m3, P4, P5, M6, m7', NULL),
('Jeths'' mode', 'P1, M2, m3, P4, d5, M6, M7', NULL),
('Jewish I', 'P1, m2, A2, M3, P4, d5, m6, m7', 145), -- Jewish
('Jewish II', 'P1, m2, M3, P4, P5, m6, m7', 145), -- Jewish
('Jiao', 'P1, m3, P4, m6, m7', 74),
('Jia Zhong', 'P1, m3, P4, P5, m7', 74),
('Jin Yu', 'P1, M2, P4, P5, m7', 74),
('Kaffa', 'P1, M2, m3, d5, P5, M6, m7', 99),
('Kafi Thaat', 'P1, M2, m3, P4, P5, M6, m7', 140), -- North Indian
('Kalyan Thaat (Yaman)', 'P1, M2, M3, A4, P5, M6, M7', 140), -- North Indian
('Kartzihiar', 'P1, M2, m3, P4, d5, M6, m7', 125),
('Kata-kumoi', 'P1, M2, m3, P5, m6', 149),
('Khammaj Thaat', 'P1, M2, M3, P4, P5, M6, m7', 140), -- North Indian
('Kiourdi Minor', 'P1, M2, m3, P4, d5, P5, m6, M6, m7', 125),
('Kiourdi ascending', 'P1, M2, m3, P4, d5, M6, m7', 125),
('Kiourdi descending', 'P8, m7, m6, P5, P4, m3, M2', 125),
('Kokin-joshi', 'P1, m2, P4, P5, m7', 149),
('Kubilai''s Mongol', 'P1, M2, M3, P4, d5, P5, M6, M7', 179),
('Kung', 'P1, M2, M3, A4, P5, M6, M7', 74),
('Kung 2', 'P1, M2, M3, A4, M6', 74),
('Kyemyonjo', 'P1, m3, P4, P5, M6', 154),
('Leading Whole-tone', 'P1, M2, M3, A4, A5, A6, M7', NULL),
('Locrian Diminished', 'P1, m2, m3, d4, d5, m6, d7', NULL),
('Locrian b4', 'P1, m2, m3, d4, d5, m6, m7', NULL),
('Locrian b7', 'P1, m2, m3, P4, d5, m6, d7', NULL),
('Locrian bb7', 'P1, m2, m3, P4, d5, m6, d7', NULL),
('Locrian', 'P1, m2, m3, P4, d5, m6, m7', NULL),
('Locrian Nat. 2', 'P1, M2, m3, P4, d5, m6, m7', NULL),
('Locrian Nat. 2/6', 'P1, M2, m3, P4, d5, M6, m7', NULL),
('Locrian Nat. 2 b7', 'P1, M2, m3, P4, d5, m6, d7', NULL),
('Locrian Nat. 6', 'P1, m2, m3, P4, d5, M6, m7', NULL),
('Locrian #2 bb7', 'P1, M2, m3, P4, d5, m6, d7', NULL),
('Locrian #2', 'P1, M2, m3, P4, d5, m6, m7', NULL),
('Locrian #6', 'P1, m2, m3, P4, d5, M6, m7', NULL),
('Locrian #2 #6', 'P1, M2, m3, P4, d5, M6, m7', NULL),
('Lydian Augmented', 'P1, M2, M3, A4, A5, M6, M7', NULL),
('Lydian Augmented #2', 'P1, A2, M3, A4, A5, M6, M7', NULL),
('Lydian Diminished', 'P1, M2, m3, A4, P5, M6, M7', NULL),
('Lydian Dominant', 'P1, M2, M3, A4, P5, M6, m7', NULL),
('Lydian b3', 'P1, M2, m3, A4, P5, M6, M7', NULL),
('Lydian b7', 'P1, M2, M3, A4, P5, M6, m7', NULL),
('Lydian (Greek)', 'P1, M2, M3, P4, P5, M6, M7', 125),
('Lydian Hexatonic', 'P1, M2, P4, P5, M6, M7', NULL),
('Lydian', 'P1, M2, M3, A4, P5, M6, M7', NULL),
('Lydian Minor b7', 'P1, M2, m3, A4, P5, M6, m7', NULL),
('Lydian-Mixolydian', 'P1, M2, M3, A4, P5, M6, m7', NULL),
('Lydian/Mixolydian mixed', 'P1, M2, M3, P4, d5, P5, M6, m7, M7', NULL),
('Lydian #2', 'P1, A2, M3, A4, P5, M6, M7', NULL),
('Lydian #5', 'P1, M2, M3, A4, A5, M6, M7', NULL),
('Lydian #9', 'P1, A2, M3, A4, P5, M6, M7', NULL),
('Magen Abot', 'P1, m2, A2, M3, d5, m6, A6, M7', 145), -- Jewish
('Major', 'P1, M2, M3, P4, P5, M6, M7', NULL),
('Major Augmented', 'P1, M2, M3, P4, A5, M6, M7', NULL),
('Major Bebop I', 'P1, M2, M3, P4, P5, A5, M6, M7', 286),
('Major Bebop II', 'P1, M2, M3, P4, P5, m6, M6, M7', 286),
('Major Blues ascending', 'P1, M2, A2, M3, P5, M6', NULL),
('Major Blues descending', 'P8, M6, P5, M3, m3, M2', NULL),
('Major/Dorian mixed', 'P1, M2, m3, M3, P4, P5, M6, m7, M7', NULL),
('Major Gipsy', 'P1, m2, M3, P4, P5, m6, M7', 226),
('Major inverse', 'P1, m2, m3, P4, P5, m6, m7', NULL),
('Major Locrian mode', 'P1, M2, M3, P4, d5, m6, m7', NULL),
('Major/Lydian mixed', 'P1, M2, M3, P4, d5, P5, M6, M7', NULL),
('Major-Minor', 'P1, M2, M3, P4, P5, m6, m7', NULL),
('Major/Minor mixed', 'P1, M2, m3, M3, P4, P5, m6, M6, m7, M7', NULL),
('Major/Mixolydian mixed', 'P1, M2, M3, P4, P5, M6, m7, M7', NULL),
('Major Pentatonic', 'P1, M2, M3, P5, M6', NULL),
('Man Gong', 'P1, m3, P4, m6, m7', 74),
('Man Jue', 'P1, M2, M3, P5, M6', 74),
('Makam Bûselik I', 'P1, M2, m3, P4, P5, m6, m7', NULL),
('Makam Bûselik II', 'P1, M2, m3, P4, P5, m6, M7', 143),
('Makam Hijaz', 'P1, m2, M3, P4, P5, m6, m7, M7', 143),
('Makam Rast', 'P1, M2, M3, P4, P5, M6, m7, M7', 143),
('Maqam Ajam Ashiran', 'P1, M2, M3, P4, P5, M6, M7', 143),
('Maqam Bayat-e-Esfahan', 'P1, M2, m3, P4, P5, m6, M7', 143),
('Maqam Hedjaz', 'P1, M2, m3, d5, P5, M6, m7', 143),
('Maqam Hicaz', 'P1, m2, M3, P4, P5, M6, m7', 143),
('Maqam Hijaz Kar', 'P1, m2, M3, P4, P5, m6, M7', 143),
('Maqam Hisar', 'P1, M2, m3, d5, P5, m6, M7', 143),
('Maqam Humayun', 'P1, m2, M3, P4, P5, m6, m7', 143),
('Maqam Huzzam', 'P1, m2, m3, d4, P5, m6, m7', 143),
('Maqam Karcigar', 'P1, M2, m3, P4, d5, M6, m7', 143),
('Maqam Kurd', 'P1, m2, m3, P4, P5, m6, m7', 143),
('Maqam Lami', 'P1, m2, m3, P4, d5, m6, m7', 143),
('Maqam Nahawand', 'P1, P5, m6, m7', 143),
('Maqam Nahawand Murassah', 'P1, M2, m3, P4, d5, M6, m7', 143),
('Maqam Nakriz', 'P1, M2, m3, d5, P5, M6, m7', 143),
('Maqam Nawa Athar', 'P1, M2, m3, d5, P5, m6, M7', 143),
('Maqam Nihavend', 'P1, M2, m3, P4, P5, m6, m7', 143),
('Maqam Saba Zamzam', 'P1, m2, m3, d4, P5, m6, m7', 143),
('Maqam Shadd''araban', 'P1, m2, m3, M3, P4, d5, M6, m7', 143),
('Maqam Shahnaz Kurdi', 'P1, m2, m3, P4, P5, m6, M7', 143),
('Maqam Shawq Awir', 'P1, M2, M3, P4, P5, M6, m7, M7', 143),
('Maqam Sultani Yakah', 'P1, M2, m3, P4, P5, m6, M7', 143),
('Maqam Suzidil', 'P1, m2, M3, P4, P5, m6, M7', 143),
('Maqam Tarznauyn', 'P1, m2, m3, P4, d5, M6, m7', 143),
('Maqam Ussâk', 'P1, M2, M3, P4, P5, m6, m7', 143),
('Maqam Zanjaran', 'P1, m2, M3, P4, P5, M6, m7', 143),
('Maqam Zengule', 'P1, m2, M3, P4, P5, m6, m7', 143),
('Marwa Thaat', 'P1, m2, M3, d5, P5, M6, M7', 140), -- North Indian
('Mela Bhavapriya', 'P1, m2, m3, d5, P5, m6, m7', 140), -- South Indian
('Mela Cakravaka', 'P1, m2, M3, P4, P5, M6, m7', 140), -- South Indian
('Mela Calanata', 'P1, m3, M3, P4, P5, m7', 140), -- South Indian
('Mela Carukesi', 'P1, M2, M3, P4, P5, m6, m7', 140), -- South Indian
('Mela Citrambari', 'P1, M2, M3, d5, P5, m7, M7', 140), -- South Indian
('Mela Dharmavati', 'P1, M2, m3, d5, P5, M6, M7', 140), -- South Indian
('Mela Dhatuvardhani', 'P1, m3, M3, d5, P5, m6, M7', 140), -- South Indian
('Mela Dhavalambari', 'P1, m2, M3, d5, P5, m6, M6', 140), -- South Indian
('Mela Dhenuka', 'P1, m2, m3, P4, P5, m6, M7', 140), -- South Indian
('Mela Divyamani', 'P1, m2, m3, d5, P5, m7, M7', 140), -- South Indian
('Mela Gamanasrama', 'P1, m2, M3, d5, P5, M6, M7', 140), -- South Indian
('Mela Ganamurti', 'P1, m2, M2, P4, P5, m6, M7', 140), -- South Indian
('Mela Gangeyabhusani', 'P1, m3, M3, P4, P5, m6, M7', 140), -- South Indian
('Mela Gaurimanohari', 'P1, M2, m3, P4, P5, M6, M7', 140), -- South Indian
('Mela Gavambodhi', 'P1, m2, m3, d5, P5, m6, M6', 140), -- South Indian
('Mela Gayakapriya', 'P1, m2, M3, P4, P5, m6, M6', 140), -- South Indian
('Mela Harikambhoji', 'P1, M2, M3, P4, P5, M6, m7', 140), -- South Indian
('Mela Hatakambari', 'P1, m2, M3, P4, P5, m7, M7', 140), -- South Indian
('Mela Hemavati', 'P1, M2, m3, d5, P5, M6, m7', 140), -- South Indian
('Mela Jalarnava', 'P1, m2, M2, d5, P5, m6, m7', 140), -- South Indian
('Mela Jhalavarali', 'P1, m2, M2, d5, P5, m6, M7', 140), -- South Indian
('Mela Jhankaradhvani', 'P1, M2, m3, P4, P5, m6, M6', 140), -- South Indian
('Mela Jyotisvarupini', 'P1, m3, M3, d5, P5, m6, m7', 140), -- South Indian
('Mela Kamavardhani', 'P1, m2, M3, d5, P5, m6, M7', 140), -- South Indian
('Mela Kanakangi', 'P1, m2, M2, P4, P5, m6, M6', 140), -- South Indian
('Mela Kantamani', 'P1, M2, M3, d5, P5, m6, M6', 140), -- South Indian
('Mela Kharaharapriya', 'P1, M2, m3, P4, P5, M6, m7', 140), -- South Indian
('Mela Kiravani', 'P1, M2, m3, P4, P5, m6, M7', 140), -- South Indian
('Mela Kokilapriya', 'P1, m2, m3, P4, P5, M6, M7', 140), -- South Indian
('Mela Kosalam', 'P1, m3, M3, d5, P5, M6, M7', 140), -- South Indian
('Mela Latangi', 'P1, M2, M3, d5, P5, m6, M7', 140), -- South Indian
('Mela Manavati', 'P1, m2, M2, P4, P5, M6, M7', 140), -- South Indian
('Mela Mararanjani', 'P1, M2, M3, P4, P5, m6, M6', 140), -- South Indian
('Mela Mayamalavagaula', 'P1, m2, M3, P4, P5, m6, M7', 140), -- South Indian
('Mela Mecakalyani', 'P1, M2, M3, d5, P5, M6, M7', 140), -- South Indian
('Mela Naganandini', 'P1, M2, M3, P4, P5, A6, M7', 140), -- South Indian
('Mela Namanarayani', 'P1, m2, M3, d5, P5, m6, m7', 140), -- South Indian
('Mela Nasikabhusani', 'P1, m3, M3, d5, P5, M6, m7', 140), -- South Indian
('Mela Natabhairavi', 'P1, M2, m3, P4, P5, m6, m7', 140), -- South Indian
('Mela Natakapriya', 'P1, m2, m3, P4, P5, M6, m7', 140), -- South Indian
('Mela Navanitam', 'P1, m2, M2, d5, P5, M6, m7', 140), -- South Indian
('Mela Nitimati', 'P1, M2, m3, d5, P5, m7, M7', 140), -- South Indian
('Mela Pavani', 'P1, m2, M2, d5, P5, M6, M7', 140), -- South Indian
('Mela Ragavardhani', 'P1, m3, M3, P4, P5, m6, m7', 140), -- South Indian
('Mela Raghupriya', 'P1, m2, M2, d5, P5, m7, M7', 140), -- South Indian
('Mela Ramapriya', 'P1, m2, M3, d5, P5, M6, m7', 140), -- South Indian
('Mela Rasikapriya', 'P1, m3, M3, d5, P5, m7, M7', 140), -- South Indian
('Mela Ratnangi', 'P1, m2, M2, P4, P5, m6, m7', 140), -- South Indian
('Mela Risabhapriya', 'P1, M2, M3, d5, P5, m6, m7', 140), -- South Indian
('Mela Rupavati', 'P1, m2, m3, P4, P5, m7, M7', 140), -- South Indian
('Mela Sadvidhamargini', 'P1, m2, m3, d5, P5, M6, m7', 140), -- South Indian
('Mela Salaga', 'P1, m2, M2, d5, P5, m6, M6', 140), -- South Indian
('Mela Sanmukhapriya', 'P1, M2, m3, d5, P5, m6, m7', 140), -- South Indian
('Mela Sarasangi', 'P1, M2, M3, P4, P5, m6, M7', 140), -- South Indian
('Mela Senavati', 'P1, m2, m3, P4, P5, m6, M6', 140), -- South Indian
('Mela Shankarabharanam', 'P1, M2, M3, P4, P5, M6, M7', 140), -- South Indian
('Mela Shubhapantuvarali', 'P1, m2, m3, d5, P5, m6, M7', 140), -- South Indian
('Mela Simhendramadhyama', 'P1, M2, m3, d5, P5, m6, M7', 140), -- South Indian
('Mela Sucaritra', 'P1, m3, M3, d5, P5, m6, M6', 140), -- South Indian
('Mela Sulini', 'P1, m3, M3, P4, P5, M6, M7', 140), -- South Indian
('Mela Suryakanta', 'P1, m2, M3, P4, P5, M6, M7', 140), -- South Indian
('Mela Suvarnangi', 'P1, m2, m3, d5, P5, M6, M7', 140), -- South Indian
('Mela Tanarupi', 'P1, m2, M2, P4, P5, m7, M7', 140), -- South Indian
('Mela Vacaspati', 'P1, M2, M3, d5, P5, M6, m7', 140), -- South Indian
('Mela Vagadhisvari', 'P1, m3, M3, P4, P5, M6, m7', 140), -- South Indian
('Mela Vakulabharanam', 'P1, m2, M3, P4, P5, m6, m7', 140), -- South Indian
('Mela Vanaspati', 'P1, m2, M2, P4, P5, M6, m7', 140), -- South Indian
('Mela Varunapriya', 'P1, M2, m3, P4, P5, m7, M7', 140), -- South Indian
('Mela Visvambhari', 'P1, m2, M3, d5, P5, m7, M7', 140), -- South Indian
('Mela Yagapriya', 'P1, m3, M3, P4, P5, m6, M6', 140), -- South Indian
('Melodic Major', 'P1, M2, M3, P4, P5, m6, m7', NULL),
('Melodic Minor ascending', 'P1, M2, m3, P4, P5, M6, M7', NULL),
('Melodic Minor descending', 'P8, m7, m6, P5, P4, m3, M2', NULL),
('Melodic Minor #11', 'P1, M2, m3, A4, P5, M6, M7', NULL),
('Messiaen mode 1', 'P1, M2, M3, A4, A5, A6', NULL),
('Messiaen mode 2', 'P1, m2, m3, M3, A4, P5, M6, m7', NULL),
('Messiaen mode 2 inverse', 'P1, M2, m3, P4, d5, m6, M6, M7', NULL),
('Messiaen mode 3', 'P1, M2, m3, M3, A4, P5, m6, m7, M7', NULL),
('Messiaen mode 4', 'P1, m2, M2, P4, A4, P5, m6, M7', NULL),
('Messiaen mode 4 inverse', 'P1, m3, M3, P4, d5, M6, m7, M7', NULL),
('Messiaen mode 5', 'P1, m2, M2, P4, A4, P5, m6, M7', NULL),
('Messiaen mode 6', 'P1, M2, M3, P4, A4, A5, A6, M7', NULL),
('Messiaen mode 6 inverse', 'P1, M2, M3, P4, d5, m6, m7, M7', NULL),
('Messiaen mode 7', 'P1, m2, M2, m3, P4, A4, P5, m6, M6, M7', NULL),
('Messiaen mode 7 inverse', 'P1, M2, m3, M3, P4, d5, m6, M6, m7, M7', NULL),
('Messiaen truncated mode 5', 'P1, m2, A4, P5', NULL),
('Messiaen truncated mode 5 inverse', 'P1, P4, A4, M7', NULL),
('Messiaen truncated mode 6', 'P1, M2, A4, A5', NULL),
('Messiaen truncated mode 6 inverse', 'P1, M3, A4, A6', NULL),
('Minor Bebop', 'P1, M2, m3, M3, P4, P5, M6, m7', NULL),
('Minor Blues ascending', 'P1, m3, P4, d5, P5, m7', NULL),
('Minor Blues descending', 'P8, m7, P5, d5, P4, m3', NULL),
('Minor b5', 'P1, M2, m3, P4, d5, m6, m7', NULL),
('Minor Gipsy', 'P1, M2, m3, A4, P5, m6, M7', 226),
('Minor Gipsy inverse', 'P1, m2, M3, P4, d5, M6, m7', 226),
('Minor Hexatonic', 'P1, M2, m3, P4, P5, m7', NULL),
('Minor Locrian', 'P1, M2, m3, P4, d5, m6, m7', NULL),
('Minor-Major', 'P1, M2, m3, P4, P5, M6, M7', NULL),
('Minor Pentatonic', 'P1, m3, P4, P5, m7', NULL),
('Minor Pentatonic with leading notes', 'P1, M2, m3, M3, P4, d5, P5, M6, m7, M7', NULL),
('Minyo', 'P1, m3, P4, m6, m7', 149),
('Mischung 1', 'P1, M2, m3, P4, P5, M6, M7', 119),
('Mischung 2', 'P1, M2, M3, P4, P5, m6, M7', 119),
('Mischung 3 Mixolydian', 'P1, M2, M3, P4, P5, M6, m7', 119),
('Mischung 4', 'P1, M2, m3, P4, P5, m6, M7', 119),
('Mischung 5 Dorian', 'P1, M2, m3, P4, P5, M6, m7', 119),
('Mischung 6', 'P1, M2, M3, P4, P5, m6, m7', 119),
('Misheberekh', 'P1, M2, m3, d5, P5, M6, m7', 145), -- Jewish
('Mixolydian Bebop', 'P1, M2, M3, P4, P5, M6, m7, M7', NULL),
('Mixolydian/Dorian mixed', 'P1, M2, m3, M3, P4, P5, M6, m7', NULL),
('Mixolydian b2', 'P1, m2, M3, P4, P5, M6, m7', NULL),
('Mixolydian b6', 'P1, M2, M3, P4, P5, m6, m7', NULL),
('Mixolydian b6 b9', 'P1, m2, M3, P4, P5, m6, m7', NULL),
('Mixolydian b9', 'P1, m2, M3, P4, P5, M6, m7', NULL),
('Mixolydian b9 b13', 'P1, m2, M3, P4, P5, m6, m7', NULL),
('Mixolydian Greek', 'P1, m2, m3, P4, d5, m6, m7', 125),
('Mixolydian Hexatonic', 'P1, M2, P4, P5, M6, m7', NULL),
('Mixolydian', 'P1, M2, M3, P4, P5, M6, m7', NULL),
('Mixolydian Pentatonic', 'P1, M2, P4, P5, M6', NULL),
('Mixolydian #1', 'P1, m2, m3, d4, d5, m6, d7', NULL),
('Mixolydian #4', 'P1, M2, M3, A4, P5, M6, m7', NULL),
('Miyako-bushi I', 'P1, m2, M2, P4, P5, m6, M6', 149),
('Miyako-bushi II', 'P1, m2, P4, P5, m7', 149),
('Modes of Major Pentatonic mixed', 'P1, M2, m3, M3, P4, P5, m6, M6, m7', NULL),
('Modified Blues', 'P1, M2, m3, P4, d5, P5, m7', NULL),
('Modus conjunctus', 'P1, M2, m3, P4, d5, m6, M6, M7', NULL),
('Moorish Phrygian', 'P1, m2, m3, M3, P4, P5, m6, m7, M7', 252),
('Nando-kyemyonjo', 'P1, M2, m3, P4, P5', 154),
('Natural Minor', 'P1, M2, m3, P4, P5, m6, m7', NULL),
('Neapolitan Major', 'P1, m2, m3, P4, P5, M6, M7', 146),
('Neapolitan Minor', 'P1, m2, m3, P4, P5, m6, M7', 146),
('Neveseri', 'P1, m2, m3, d5, P5, m6, m7, M7', 125),
('Niagari', 'P1, m2, P4, P5, m6, m7', 149),
('Niagari 2', 'P1, P5', 149),
('Niaventi Minor', 'P1, M2, m3, d5, P5, m6, M7', 125),
('Nihavend', 'P1, M2, m3, P4, P5, m6, M7', 34),
('Nigriz', 'P1, M2, m3, d5, P5, M6, m7', 125),
('Nine-Note Blues', 'P1, M2, m3, M3, P4, d5, P5, M6, m7', NULL),
('Nine-Note', 'P1, M2, m3, M3, d5, P5, m6, M6, M7', NULL),
('Nohkan Flute', 'P1, M2, P4, d5, m6, M6, M7', 149),
('Octatonic (Half-tone, Whole-tone', 'P1, m2, m3, M3, A4, P5, M6, m7', NULL),
('Octatonic (Whole-tone, Half-tone)', 'P1, M2, m3, P4, A4, A5, M6, M7', NULL),
('Olympos Enharmonic', 'P1, m2, P4, P5, m6', 125),
('Oriental', 'P1, m2, M3, P4, d5, M6, m7', 74),
('Oshikicho : Japan', 'P1, M2, m3, P4, P5, M6, m7', 149),
('Ousak Minor', 'P1, m2, m3, P4, P5, m6, m7', 125),
('Overtone', 'P1, M2, M3, A4, P5, M6, m7', NULL),
('Peiraiotikos', 'P1, m2, M3, d5, P5, M6, M7', 125),
('Peiraiotikos Minor', 'P1, M2, m3, d5, P5, M6, m7', 125),
('Pelog', 'P1, m2, m3, P5, m7', NULL),
('Pentatonic Blues', 'P1, m3, P4, d5, m7', NULL),
('Pentatonic Major', 'P1, M2, M3, P5, M6', NULL),
('Pentatonic Major b2', 'P1, m2, M3, P5, M6', NULL),
('Pentatonic Major b2 b5', 'P1, m2, M3, d5, M6', NULL),
('Pentatonic Major b2 b6', 'P1, m2, M3, P5, m6', NULL),
('Pentatonic Major b3', 'P1, m2, m3, d5, M6', NULL),
('Pentatonic Major b3 b6', 'P1, M2, m3, P5, m6', NULL),
('Pentatonic Major b5', 'P1, M2, M3, d5, M6', NULL),
('Pentatonic Major b6', 'P1, M2, M3, P5, m6', NULL),
('Pentatonic Major b9', 'P1, m2, M3, P5, M6', NULL),
('Pentatonic Major #9 b7', 'P1, A2, M3, P5, m7', NULL),
('Pentatonic Minor', 'P1, m3, P4, P5, m7', NULL),
('Pentatonic Minor added 6', 'P1, m3, P4, P5, M6, m7', NULL),
('Pentatonic Minor Major 6', 'P1, m3, P4, P5, M6', NULL),
('Pentatonic Minor 7 b5', 'P1, m3, P4, d5, m7', NULL),
('Pentatonic Whole Tone', 'P1, M3, A4, A5, A6', NULL),
('Persian', 'P1, m2, M3, P4, P5, m6, M7', 142), -- Persian
('Peruvian Major', 'P1, M2, M3, P4, P5, M6, M7', 216),
('Peruvian Minor', 'P1, M2, m3, P4, P5, m6, m7', 216),
('Peruvian Pentatonic 1', 'P1, M2, M3, P5, M6', 216),
('Peruvian Pentatonic 2', 'P1, m3, P4, P5, m7', 216),
('Peruvian tritonic 1', 'P1, M3, P5', 216),
('Peruvian tritonic 2', 'P1, m3, M6', 216),
('Petrushka chord', 'P1, A1, M3, A4, P5, M6, A6', 227),
('Phrygian/Aeolian mixed', 'P1, m2, M2, m3, P4, P5, m6, m7', NULL),
('Phrygian Dominant', 'P1, m2, M3, P4, P5, m6, m7', NULL),
('Phrygian b4', 'P1, m2, m3, d4, P5, m6, m7', NULL),
('Phrygian Greek', 'P1, M2, m3, P4, P5, M6, m7', 125),
('Phrygian Hexatonic', 'P1, m3, P4, P5, m6, m7', NULL),
('Phrygian/Locrian mixed', 'P1, m2, m3, P4, d5, P5, m6, m7', NULL),
('Phrygian Major', 'P1, m2, M3, P4, P5, m6, m7', NULL),
('Phrygian', 'P1, m2, m3, P4, P5, m6, m7', NULL),
('Phrygian-Mixolydian', 'P1, m2, m3, P4, P5, M6, m7', NULL),
('Phrygian Pentatonic', 'P1, m3, P4, m6, m7', NULL),
('Phrygian Nat. 6', 'P1, m2, m3, P4, P5, M6, m7', NULL),
('Phrygian #6', 'P1, m2, m3, P4, P5, M6, m7', NULL),
('Pien chih', 'P1, m2, m3, P4, d5, m6, m7', 74),
('Pilu Thaat', 'P1, M2, m3, P4, P5, m6, M7', 140),
('Ping', 'P1, M2, M3, A4, P5, M6, M7', 74),
('Pireotikos', 'P1, m2, M3, d5, P5, m6, M7', 125),
('Pomeroy', 'P1, m2, m3, d4, d5, m6, m7', NULL),
('Primary Pentatonic', 'P1, M2, M3, P5, M6', NULL),
('Prokofiev', 'P1, m2, m3, P4, d5, m6, m7, M7', NULL),
('Prometheus', 'P1, M2, M3, d5, M6, m7', NULL),
('Prometheus Liszt', 'P1, m2, M3, P4, m6, M6', NULL),
('Prometheus Neapolitan', 'P1, m2, M3, d5, M6, m7', NULL),
('Protus authentus', 'P1, M2, m3, P4, P5, M6, m7', NULL),
('Protus plagis', 'P1, M2, m3, P4, P5, m6, m7', NULL),
('Pure Minor', 'P1, M2, m3, P4, P5, m6, m7', NULL),
('Purvi Thaat', 'P1, m2, M3, d5, P5, m6, m7', 140), -- North Indian
('P''yongjo', 'P1, M2, P4, P5, M6, m7', 154),
('P''yongjo 2', 'P1, M2, P4, P5, M6', 154),
('P''yongjo-kyemyonjo', 'P1, m3, P4, P5, m7', 154),
('Pyramid Hexatonic', 'P1, M2, m3, P4, d5, M6', NULL),
('Qing Shang', 'P1, m3, P4, P5, m7', 74),
('Qing Yu', 'P1, M2, P4, P5, m7', 74),
('Quan Ming', 'P1, m3, P4, m6, m7', 74),
('Raga Abheri', 'P1, m3, P4, P5, m7', 140),
('Raga Abhogi', 'P1, M2, m3, P4, M6', 140),
('Raga Adana', 'P1, M2, m3, P4, P5, m6, m7', 140),
('Raga Ahira-Lalita', 'P1, m2, M3, P4, d5, M6, m7', 140),
('Raga Ahir Bhairav', 'P1, m2, M3, P4, P5, M6, m7', 140),
('Raga Ahiri Todi', 'P1, m2, m3, P4, P5, M6, m7', 140),
('Raga Airavati', 'P1, M2, M3, A4, P5, M6', 140),
('Raga Alhaiya Bilaval', 'P1, M2, M3, P4, P5, M6, m7, M7', 140),
('Raga Amarasenapriya', 'P1, M2, m3, d5, P5, M7', 140),
('Raga Ambika', 'P1, M2, m3, d5, P5, M6, M7', 140),
('Raga Amritavarshini', 'P1, M3, A4, P5, M7', 140),
('Raga Anandabhairavi', 'P1, M2, m3, P4, P5, m6, M6, m7', 140),
('Raga Andolika', 'P1, M2, P4, P5, M6, m7', 140),
('Raga Antara Kaishiaki', 'P1, M3, P5, m7', 140),
('Raga Arabhi', 'P1, M2, P4, P5, M6', 140),
('Raga Arunajualita', 'P1, M2, m3, d5, P5, M6, M7', 140),
('Raga Asavari (Asaveri)', 'P1, m2, m3, P4, P5, m6, m7', 140),
('Raga Audav Tukhari', 'P1, M2, m3, P4, m6', 140),
('Raga Baduhari', 'P1, M3, P4, P5, M6, m7', 140),
('Raga Bageshri', 'P1, M2, m3, P4, P5, M6, m7', 140),
('Raga Bageshri 2', 'P1, M2, m3, P4, M6, m7', 140),
('Raga Bahar', 'P1, M2, m3, P4, P5, M6, m7, M7', 140),
('Raga Bairagi (Baira)', 'P1, m2, P4, P5, m7', 140),
('Raga Barbara', 'P1, M2, M3, d5, M6, m7', 140),
('Raga Basant', 'P1, m2, M3, d5, P5, m6, M7', 140),
('Raga Bauli', 'P1, m2, M3, P5, m6, M7', 140),
('Raga Bhankar', 'P1, m2, M3, P4, d5, M6, m6', 140),
('Raga Bhanumanjari', 'P1, m3, M3, P4, P5, m7', 140),
('Raga Bhanumati', 'P1, m2, M2, P4, P5, M6, m7', 140),
('Raga Bhatiyar', 'P1, m2, M3, P4, d5, P5, M6, M7', 140),
('Raga Bhavani', 'P1, m2, m3, d5, P5, m6, m7', 140),
('Raga Bhavani 2', 'P1, M2, P4, M6', 140),
('Raga Bhimpalasi', 'P1, M2, m3, P4, P5, M6, m7', 140),
('Raga Bhinna Pancama', 'P1, M2, P4, P5, m6, M7', 140),
('Raga Bhinna Shadja', 'P1, M3, P4, M6, M7', 140),
('Raga Bhogachayanata', 'P1, m3, M3, P4, P5, M6, m7', 140),
('Raga Bhup (Bhopali)', 'P1, M2, M3, P5, M6', 140),
('Raga Bhupalam', 'P1, m2, m3, P5, m6', 140),
('Raga Bhupala Todi', 'P1, m2, m3, P5, m6', 140),
('Raga Bhupeshwari', 'P1, M2, M3, P5, m6', 140),
('Raga Bhusavati', 'P1, M2, M3, d5, P5, M6, m7', 140),
('Raga Bibhas (bhairava)', 'P1, m2, m3, P5, m6', 140),
('Raga Bibhas (marva)', 'P1, m2, M3, P5, M6', 140),
('Raga Bihag', 'P1, M2, M3, P4, d5, P5, M6, M7', 140),
('Raga Bilahari', 'P1, M2, M3, P5, M6', 140),
('Raga Bilashkhani', 'P1, m2, m3, P4, P5, m6, m7', 140),
('Raga Bilwadala', 'P1, M3, M6', 140),
('Raga Bindumalini', 'P1, m2, M3, P4, P5, M6, m7', 140),
('Raga Brindabani Sarang', 'P1, M2, P4, P5, m7, M7', 140),
('Raga Brindabani Tilang', 'P1, M3, P4, P5, m7, M7', 140),
('Raga Budhamanohari', 'P1, M2, M3, P4, P5', 140),
('Raga Camara', 'P1, M2, m3, d5, P5, m6, m7', 140),
('Raga Chandrajyoti', 'P1, m2, M2, d5, P5, M6', 140),
('Raga Chandrakauns (kafi)', 'P1, m3, P4, M6, m7', 140),
('Raga Chandrakauns (kiravani)', 'P1, m3, P4, m6, M7', 140),
('Raga Chandrakauns (modern)', 'P1, m3, P4, M6, M7', 140),
('Raga Charukeshi', 'P1, M2, M3, P4, P5, m6, m7', 140),
('Raga Chaturangini', 'P1, M2, M3, A4, P5, m7, M7', 140),
('Raga Chaturangini 2', 'P1, M2, M3, A4, P5, M7', 140),
('Raga Chaya Nat', 'P1, M2, M3, P4, A4, P5, M6, M7', 140),
('Raga Chaya Vati', 'P1, m2, M3, P4, M6, M7', 140),
('Raga Chaya Todi', 'P1, m2, m3, d5, m6', 140),
('Raga Chinthamani', 'P1, M2, m3, d5, P5, m6, M6, m7', 140),
('Raga Chinthamani 2', 'P1, M2, m3, d5, P5, m6, m7', 140),
('Raga Chitthakarshini', 'P1, m2, m3, P4, m6', 140),
('Raga Cudamani', 'P1, m3, M3, P4, P5, m6, m7', 140),
('Raga Darbar', 'P1, M2, P4, P5, M6, m7', 140),
('Raga Desh', 'P1, M2, P4, P5, M7', 140),
('Raga Deshgaur', 'P1, m2, P5, m6, M7', 140),
('Raga Deshi', 'P1, M2, m3, P4, P5, m6, M6, m7', 140),
('Raga Deshi 2', 'P1, M2, m3, P4, P5, M6, M7', 140),
('Raga Deshi 3', 'P1, M2, m3, P4, P5, m6, M7', 140),
('Raga Desh Malhar', 'P1, M2, M3, P4, P5, M6, m7, M7', 140),
('Raga Desisimharavam', 'P1, M2, m3, d5, P5, M6, m7', 140),
('Raga Deskar', 'P1, M2, M3, P5, M6', 140),
('Raga Desya Todi', 'P1, m3, P4, P5, m6, m7', 140),
('Raga Devakriya', 'P1, M2, P4, P5, M6', 140),
('Raga Devamani', 'P1, m3, M3, P5, m6, M7', 140),
('Raga Devarangini', 'P1, M2, M3, P4, P5, M6', 140),
('Raga Devaranjani 2 (Devaranji)', 'P1, P4, P5, m6, M7', 140),
('Raga Devarashtra', 'P1, m3, M3, d5, P5, m6, M7', 140),
('Raga Dhani (Suddha Dhanyasi)', 'P1, m3, P4, P5, m7', 140),
('Raga Dhauta Pancama', 'P1, m3, M3, d5, P5, m6, M7', 140),
('Raga Dhavalangam', 'P1, m2, M3, d5, P5, m6', 140),
('Raga Dhavalashri', 'P1, M3, A4, P5, M6', 140),
('Raga Dhipaka', 'P1, m2, M3, d5, P5, m6, M7', 140),
('Raga Dhunibinnashadjam', 'P1, m2, m3, P4, P5, m6, M7', 140),
('Raga Dipak', 'P1, M2, M3, P4, d5, P5', 140),
('Raga Dumyaraga', 'P1, M2, m3, d5, P5, M6, M7', 140),
('Raga Durga', 'P1, M2, P4, P5, M6', 140),
('Raga Dvigandharabushini', 'P1, M2, m3, M3, P5, m6, M6', 140),
('Raga Gamakakriya', 'P1, m2, M3, d5, P5, M7', 140),
('Raga Gamakasamantam', 'P1, m2, m3, d5, P5, m6, M7', 140),
('Raga Gambhiranata', 'P1, M3, P4, P5, M7', 140),
('Raga Ganasamavarali', 'P1, m2, M2, P4, P5, m6, M7', 140),
('Raga Ganavaridhi', 'P1, m3, M3, P4, P5, M6, m7', 140),
('Raga Gandharavam', 'P1, m2, m3, P4, P5, m7', 140),
('Raga Gangatarangini', 'P1, M3, P4, d5, m6, M7', 140),
('Raga Gaud Sarang', 'P1, M2, M3, P4, A4, P5, M6, M7', 140),
('Raga Gaula', 'P1, m2, M3, P4, P5, m7', 140),
('Raga Gauri', 'P1, m2, P4, P5, M7', 140),
('Raga Gaurikriya', 'P1, m3, d5, P5, m7, M7', 140),
('Raga Gauri Velavali', 'P1, M2, m3, P4, P5, M6', 140),
('Raga Geyahejjajji', 'P1, m2, M3, P4, P5, m6', 140),
('Raga Ghandarva', 'P1, m2, M2, d5, P5, m7, M7', 140),
('Raga Ghantana', 'P1, M2, m3, P4, m6, M7', 140),
('Raga Girija', 'P1, M3, P4, m6, M7', 140),
('Raga Girvani', 'P1, m2, m3, d5, P5, m6, M6', 140),
('Raga Gitapriya', 'P1, M2, M3, d5, P5, m6, M7', 140),
('Raga Gopikatilaka', 'P1, M2, m3, d5, P5, m7', 140),
('Raga Gopikavasantam', 'P1, m3, P4, P5, m6, m7', 140),
('Raga Gopriya', 'P1, M2, M3, d5, m6, m7', 140),
('Raga Gorakh Kalyan', 'P1, M2, P4, P5, M6, m7', 140),
('Raga Gowleeswari', 'P1, m2, P4, m6', 140),
('Raga Guhamanohari', 'P1, M2, P4, M6, m7', 140),
('Raga Gunakri (Gunakali)', 'P1, m2, P4, P5, m6', 140),
('Raga Gurjari Todi', 'P1, m2, m3, d5, m6, m7', 140),
('Raga Hamir Kalyani', 'P1, M2, M3, P4, d5, P5, M6, M7', 140),
('Raga Hamsadhvani (Hansadhvani)', 'P1, M2, M3, P5, M7', 140),
('Raga Hamsagiri', 'P1, m3, M3, d5, P5, m7, M7', 140),
('Raga Hamsalata', 'P1, M2, M3, d5, P5, m6, M7', 140),
('Raga Hamsanada', 'P1, M2, A4, P5, M7', 140),
('Raga Hamsanandi', 'P1, m2, M3, d5, M6, M7', 140),
('Raga Hamsanandi 2', 'P1, m2, M3, P4, m6, M7', 140),
('Raga Hamsanarayani', 'P1, m2, M3, d5, P5, M7', 140),
('Raga Hamsa Vinodini', 'P1, M2, M3, P4, M6, M7', 140),
('Raga Hansadhvani (Hamsadhvani)', 'P1, M2, M3, P5, M7', 140),
('Raga Harikauns', 'P1, m3, d5, m6, m7', 140),
('Raga Hari Nata', 'P1, M3, P4, P5, M6, M7', 140),
('Raga Harini', 'P1, M2, M3, P4, P5, M6, m7', 140),
('Raga Haripriya', 'P1, M2, M3, P4, P5, m6, M7', 140),
('Raga Haripriya 2', 'P1, M2, P4, m6', 140),
('Raga Hejjajji', 'P1, m2, M3, d5, m6, M6', 140),
('Raga Hindol (Sunada Vinodini)', 'P1, M3, A4, M6, M7', 140),
('Raga Hindola', 'P1, m3, P4, m6, m7', 140),
('Raga Hindolita', 'P1, M3, P4, M6, M7', 140),
('Raga Indupriya', 'P1, m2, M3, d5, P5, m6', 140),
('Raga Jaganmohanam', 'P1, M2, d5, P5, m6, m7', 140),
('Raga Jait Kalyan', 'P1, M2, M3, P5, M6', 140),
('Raga Janasammodini', 'P1, M2, M3, P5, m6', 140),
('Raga Janjhuti', 'P1, M2, M3, P4, P5, M6, m7', 140),
('Raga Jaunpuri', 'P1, M2, m3, P4, P5, m6, m7', 140),
('Raga Jayakauns', 'P1, m3, P4, d5, m7', 140),
('Raga Jeyasuddhamalavi', 'P1, m2, M3, P4, P5, m7, M7', 140),
('Raga Jhankara Bhramavi', 'P1, M2, m3, P4, P5, m6, M6', 140),
('Raga Jinavali', 'P1, m2, M2, d5, P5, m6, M7', 140),
('Raga Jivantika', 'P1, m2, P4, P5, M6, M7', 140),
('Raga Jivantini', 'P1, m3, d5, P5, m7, M7', 140),
('Raga Jog', 'P1, m3, M3, P4, P5, m7', 140),
('Raga Jogiya', 'P1, m2, M3, P4, P5, m6, m7', 140),
('Raga Jotismatti', 'P1, m3, M3, d5, P5, m6, m7', 140),
('Raga Jyoti', 'P1, M3, d5, P5, m6, m7', 140),
('Raga Kaikavasi', 'P1, M2, m3, d5, P5, m7, M7', 140),
('Raga Kaishikiranjani (Kaushiranjani)', 'P1, M2, m3, P4, m6, M7', 140),
('Raga Kalagada', 'P1, m2, M3, P5, m6, M6', 140),
('Raga Kalahamsa', 'P1, m3, M3, P4, P5, m6, M6', 140),
('Raga Kalakanthi', 'P1, m2, M3, P4, P5, m6, M6', 140),
('Raga Kalakanthi 2', 'P1, m2, P4, P5, m6, M6', 140),
('Raga Kalamurti', 'P1, m2, m3, d5, P5, m6, m7', 140),
('Raga Kalavati', 'P1, m2, M3, P4, P5, M6', 140),
('Raga Kalingada', 'P1, m2, M3, P4, P5, m6, M7', 140),
('Raga Kalyana', 'P1, M2, m3, P4, P5, m6, M7', 140),
('Raga Kalyani Keseri', 'P1, M2, M3, A4, P5, M6', 140),
('Raga Kamalamanohari', 'P1, M3, P4, P5, m6, M7', 140),
('Raga Kamalamanohari 2', 'P1, M3, P4, P5, m6, m7', 140),
('Raga Kambhoji', 'P1, M2, M3, P4, P5, M6', 140),
('Raga Kanakambari', 'P1, m2, M2, P4, P5, m6, M6', 140),
('Raga Kannadabangala', 'P1, m2, M3, P4, P5, m6', 140),
('Raga Kapijingla', 'P1, M2, m3, P4, M6, m7', 140),
('Raga Kashyapi', 'P1, m2, m3, P5, m6, m7', 140),
('Raga Kasiramakriya', 'P1, m2, M3, d5, P5, m6, M7', 140),
('Raga Kaushikdhvani', 'P1, M3, P4, M6, M7', 140),
('Raga Kaushiranjani / Kaishikiranjani', 'P1, M2, m3, P4, m6, M7', 140),
('Raga Kedar', 'P1, M2, M3, P4, d5, P5, M6, M7', 140),
('Raga Kedaram', 'P1, M2, M3, P4, P5, M7', 140),
('Raga Keseri', 'P1, M2, M3, P4, P5, m6, M6', 140),
('Raga Khamaj', 'P1, M2, M3, P4, P5, M6, m7, M7', 140),
('Raga Khamaji Durga', 'P1, M3, P4, M6, m7', 140),
('Raga Khamas', 'P1, M3, P4, P5, M6, m7', 140),
('Raga Khambhavati', 'P1, M2, M3, P4, P5, M6, m7', 140),
('Raga Kiranavali', 'P1, M2, m3, P4, P5, m6, M7', 140),
('Raga Kirvani', 'P1, M2, m3, P4, P5, m6, M7', 140),
('Raga Kokila', 'P1, M2, M3, P5, M6', 140),
('Raga Kokilaravam', 'P1, m2, m3, P4, P5, M6, M7', 140),
('Raga Kokil Pancham', 'P1, m3, P4, P5, m6', 140),
('Raga Kshanika', 'P1, m2, P4, m6, M7', 140),
('Raga Kumarapriya', 'P1, m2, M2, m6, M7', 140),
('Raga Kumbhini', 'P1, m2, M2, d5, P5, M6, M7', 140),
('Raga Kumud', 'P1, M2, M3, P5, M6, M7', 140),
('Raga Kumudki (Kumurdaki)', 'P1, M2, M3, d5, M7', 140),
('Raga Kuntala', 'P1, M2, M3, d5, P5, m6, M6', 140),
('Raga Kuntalavarali (Kuntvarali)', 'P1, P4, P5, M6, m7', 140),
('Raga Kusumakaram', 'P1, m3, M3, d5, P5, M6, M7', 140),
('Raga Lalit', 'P1, m2, M3, P4, d5, M6, M7', 140),
('Raga Lalita', 'P1, m2, M3, P4, d5, m6, M7', 140),
('Raga Lalita 2', 'P1, m2, M3, P4, m6, M7', 140),
('Raga Lalit Bhairav', 'P1, m2, M3, P4, m6, m7', 140),
('Raga Lasaki', 'P1, m2, P4, P5, m7', 140),
('Raga Latantapriya', 'P1, m2, P4, P5, m6', 140),
('Raga Latika', 'P1, M2, M3, P5, m6, M7', 140),
('Raga Lavangi', 'P1, m2, P5, m7', 140),
('Raga Madhava Manohari', 'P1, M2, m3, d5, P5, m6, M7', 140),
('Raga Madhmat Sarang', 'P1, M2, P4, P5, m7', 140),
('Raga Madhukauns (hexatonic)', 'P1, m3, d5, P5, M6, m7', 140),
('Raga Madhukauns (pentatonic)', 'P1, m3, d5, P5, m7', 140),
('Raga Madhuranjani', 'P1, m3, P4, P5, M7', 140),
('Raga Madhuri', 'P1, M3, P4, P5, M6, m7, M7', 140),
('Raga Madhuvanti', 'P1, M2, m3, d5, P5, M6, M7', 140),
('Raga Madhyamavati', 'P1, M2, P4, P5, m7', 140),
('Raga Mahathi', 'P1, M3, P5, m7', 140),
('Raga Malahari', 'P1, m2, M3, P4, P5, m6', 140),
('Raga Malarani (Hamsanada)', 'P1, M2, d5, P5, m7, M7', 140),
('Raga Malashri', 'P1, M3, A4, P5, M7', 140),
('Raga Malashri 2', 'P1, M3, P5', 140),
('Raga Malayamarutam', 'P1, m2, M3, P5, M6, m7', 140),
('Raga Malgunji', 'P1, M2, m3, M3, P4, P5, M6, m7, M7', 140),
('Raga Malkauns (Malakosh)', 'P1, m3, P4, m6, m7, d8', 140),
('Raga Malini', 'P1, m2, m3, P4, P5, m6, M6', 140),
('Raga Mamata', 'P1, M3, P5, M6, M7', 140),
('Raga Manaranjani I', 'P1, m2, M3, P5, m7', 140),
('Raga Manaranjani II', 'P1, m2, P4, P5, M6', 140),
('Raga Manavi', 'P1, M2, m3, P5, M6, m7', 140),
('Raga Mand', 'P1, M3, P4, P5, M6', 140),
('Raga Mandari', 'P1, m2, M3, d5, P5, M7', 140),
('Raga Manirangu', 'P1, M2, m3, P4, P5, m7', 140),
('Raga Manohari', 'P1, m3, P4, P5, M6, m7', 140),
('Raga Manoranjani', 'P1, m2, M2, P4, P5, M6, M7', 140),
('Raga Marga Hindola', 'P1, m3, P4, M6, M7', 140),
('Raga Matha Kokila (Matkokil)', 'P1, M2, P5, M6, m7', 140),
('Raga Megh', 'P1, M2, P4, P5, m7', 140),
('Raga Megh (Megh Malhar)', 'P1, M2, P4, P5, m7, M7', 140),
('Raga Megharanjani', 'P1, m2, M3, P4, m6', 140),
('Raga Megharanji', 'P1, m2, M3, P4, M7', 140),
('Raga Mian Ki Malhar', 'P1, M2, m3, P4, P5, M6, m7, M7', 140),
('Raga Mohanam', 'P1, M2, M3, P5, M6', 140),
('Raga Mohanangi', 'P1, m3, M3, P5, M6', 140),
('Raga Mruganandana', 'P1, M2, M3, A4, M6, M7', 140),
('Raga Mukhari', 'P1, M2, m3, P4, P5, m6, M6, m7', 140),
('Raga Multani', 'P1, m2, m3, d5, P5, m6, M7', 140),
('Raga Multani 2', 'P1, m3, d5, P5, M7', 140),
('Raga Nabhomani', 'P1, m2, M2, d5, P5, M6, m7', 140),
('Raga Nabhomani 2', 'P1, m2, M2, d5, P5', 140),
('Raga Nagabharanam', 'P1, M2, M3, P4, P5, m7, M7', 140),
('Raga Nagagandhari', 'P1, M2, P4, P5, M6, M7', 140),
('Raga Nagasvaravali', 'P1, M3, P4, P5, M6', 140),
('Raga Nalinakanti', 'P1, M2, M3, P4, P5, M7', 140),
('Raga Nandkauns', 'P1, m3, M3, P4, P5, M6, m7', 140),
('Raga Narayani', 'P1, M2, P4, P5, M6, m7', 140),
('Raga Narmada', 'P1, m2, M3, d5, P5, m6, m7', 140),
('Raga Nasamani', 'P1, m3, M3, d5, P5, M6, m7', 140),
('Raga Nata', 'P1, m3, P4, P5, M7', 140),
('Raga Natabharanam', 'P1, m2, m3, P4, P5, M6, m7', 140),
('Raga Nattaikurinji', 'P1, M2, M3, P4, M6, m7', 140),
('Raga Navamanohari', 'P1, M2, P4, P5, m6, m7', 140),
('Raga Nayaki', 'P1, M2, m3, P4, P5, m7', 140),
('Raga Nayaki Kanada', 'P1, M2, m3, P4, P5, M6, m7', 140),
('Raga Neelangi', 'P1, M2, m3, d5, m6, M6', 140),
('Raga Neroshta', 'P1, M2, M3, M6, M7', 140),
('Raga Nigamagamini', 'P1, M3, d5, M7', 140),
('Raga Nileshwari', 'P1, m3, P4, d5, P5, m7', 140),
('Raga Nisada', 'P1, M2, m3, d5, P5, m7, M7', 140),
('Raga Nishadi', 'P1, M2, A4, P5, M6, M7', 140),
('Raga None', 'P1, m3, M3, P4, P5, m7, M7', 140),
('Raga Ongkari', 'P1, A4, P5', 140),
('Raga Padi', 'P1, m2, P4, P5, m6, M7', 140),
('Raga Pahadi', 'P1, M2, M3, P4, P5, m6, M6, m7, M7', 140),
('Raga Palasi', 'P1, M2, m3, P4, P5, m7', 140),
('Raga Pancama', 'P1, m2, M3, d5, M6, M7', 140),
('Raga Pantuvarali', 'P1, m2, M3, d5, P5, m6, M7', 140),
('Raga Paraj', 'P1, m2, M3, P4, P5, m6, M7', 140),
('Raga Paraju', 'P1, M3, P4, P5, m6, M7', 140),
('Raga Partiravam', 'P1, m2, M3, d5, P5, M6, M7', 140),
('Raga Patdip', 'P1, M2, m3, P4, P5, M6, M7', 140),
('Raga Phenadyuti', 'P1, m2, M2, P4, P5, m6, m7', 140),
('Raga Phenadyuti 2', 'P1, m2, P4, P5, m6, m7', 140),
('Raga Pilu', 'P1, M2, m3, P4, P5, m6, M6, m7, M7', 140),
('Raga Pratapa', 'P1, m2, M3, d5, P5, m6, m7', 140),
('Raga Priyadharshini', 'P1, M2, P4, m6, M7', 140),
('Raga Puriya', 'P1, m2, M3, d5, P5, M6, M7', 140),
('Raga Puriya 2', 'P1, m2, M3, d5, M6, M7', 140),
('Raga Puriya Dhanashri', 'P1, m2, M3, d5, P5, m6, M7', 140),
('Raga Puriya Kalyan', 'P1, m2, M3, d5, P5, M6, M7', 140),
('Raga Purnalalita', 'P1, M2, m3, P4, P5', 140),
('Raga Purna Pancama', 'P1, m2, M3, P4, P5, m6', 140),
('Raga Puruhutika', 'P1, P4, P5, M6, M7', 140),
('Raga Purvaholika', 'P1, P4, P5, M6, M7', 140),
('Raga Pushpalithika', 'P1, M2, m3, P4, P5, m7', 140),
('Raga Putrika', 'P1, m2, M2, m6, M6', 140),
('Raga Ragamalini', 'P1, m2, M3, P4, P5, M6', 140),
('Raga Rageshri', 'P1, M2, M3, P4, M6, m7, M7', 140),
('Raga Rageshri 2 (Rageshwari)', 'P1, M2, M3, P4, M6, m7', 140),
('Raga Rajeshwari', 'P1, m3, P4, M6, M7', 140),
('Raga Ramamanohari', 'P1, m2, M3, d5, P5, M6, m7', 140),
('Raga Ramamanohari 2', 'P1, M3, P4, P5, m6, M7', 140),
('Raga Ramdasi Malhar', 'P1, M2, m3, M3, P4, P5, M6, m7, M7', 140),
('Raga Ramkali (Ramakri)', 'P1, m2, M3, P4, d5, P5, m6, M7', 140),
('Raga Ramkali 2', 'P1, m2, m3, P5, m6', 140),
('Raga Rangini', 'P1, M2, m3, d5, M6, M7', 140),
('Raga Ranjani', 'P1, M2, m3, d5, M6, M7', 140),
('Raga Rasamanjari', 'P1, m3, M3, d5, P5, m7, M7', 140),
('Raga Rasamanjari 2', 'P1, m3, M3, d5, P5, M7', 140),
('Raga Rasavali', 'P1, m2, P4, P5, M6, m7', 140),
('Raga Rasika Ranjani', 'P1, m2, M3, P5, M6', 140),
('Raga Rasranjani', 'P1, M2, P4, M6, M7', 140),
('Raga Ratipriya', 'P1, M2, M3, d5, P5, m6, m7', 140),
('Raga Ratnakanthi', 'P1, M2, M3, A4, P5, M7', 140),
('Raga Ravikriya', 'P1, m2, M2, d5, P5, m7, M7', 140),
('Raga Reva', 'P1, m2, M3, P5, m6', 140),
('Raga Revagupti', 'P1, m2, M3, P5, m6', 140),
('Raga Rudra Pancama', 'P1, m2, M3, P4, M6, m7', 140),
('Raga Rukmangi', 'P1, m2, m3, P5, m7', 140),
('Raga Sahera', 'P1, M2, M3, A4, A5, A6', 140),
('Raga Sailadesakshi', 'P1, m3, M3, P4, P5, M6, M7', 140),
('Raga Salagavarali', 'P1, m2, m3, P5, M6, m7', 140),
('Raga Salanganata', 'P1, m2, P4, P5, m6', 140),
('Raga Samanta', 'P1, M2, M3, P4, P5, m7, M7', 140),
('Raga Samudhra Priya', 'P1, m3, d5, P5, m7', 140),
('Raga Sanjh ka Hindol', 'P1, M3, A4, M6, M7', 140),
('Raga Sankara (Shankara)', 'P1, M2, M3, P5, M6, M7', 140),
('Raga Santanamanjari', 'P1, m3, M3, d5, P5, m6, M6', 140),
('Raga Sarasanana', 'P1, M2, M3, P4, m6, M7', 140),
('Raga Sarasvati', 'P1, M2, A4, P5, M6, m7', 140),
('Raga Saravati (Sharavati)', 'P1, M3, P4, P5, m6, M6', 140),
('Raga Sarvasri', 'P1, P4, P5', 140),
('Raga Saugandhini', 'P1, m2, d5, P5, m6', 140),
('Raga Saurashtra', 'P1, m2, M3, P4, P5, m6, M6, M7', 140),
('Raga Sauviram', 'P1, m2, m3, d5, P5, M6, M7', 140),
('Raga Saveri', 'P1, m2, P4, P5, m6', 140),
('Raga Savitri', 'P1, M3, P4, P5, m7, M7', 140),
('Raga Senagrani', 'P1, m2, m3, P4, P5, m6, M6', 140),
('Raga Shailaja', 'P1, m3, P5, m6, m7', 140),
('Raga Shankarabharanam', 'P1, M2, M3, P4, P5, M6, M7', 140),
('Raga Shilangi', 'P1, M3, A4, P5, M7', 140),
('Raga Shobhavari', 'P1, M2, P4, P5, m6', 140),
('Raga Shri', 'P1, m2, M3, d5, P5, m6, M7', 140),
('Raga Shri Kalyan', 'P1, M2, A4, P5, M6', 140),
('Raga Shubravarni', 'P1, M2, d5, M6, m7', 140),
('Raga Shuddh Kalyan', 'P1, M2, M3, A4, P5, M6, M7', 140),
('Raga Simharava (Sinharavam)', 'P1, M2, m3, d5, P5, m7', 140),
('Raga Simhavahini', 'P1, M3, P4, P5, m6, M7', 140),
('Raga Sindhi-Bhairavi', 'P1, m2, M2, m3, M3, P4, P5, m6, m7, M7',  140),
('Raga Sindhura', 'P1, M2, m3, P4, P5, M6, m7, M7', 140),
('Raga Sindhu Ramakriya', 'P1, M3, P4, P5, m6, M7', 140),
('Raga Sindhura Kafi', 'P1, M2, m3, P4, P5, M7', 140),
('Raga Siva Kambhoji', 'P1, M2, M3, P4, P5, m7', 140),
('Raga Sivaranjini (Shivranjani)', 'P1, M2, m3, P5, M6', 140),
('Raga Sohani', 'P1, m2, M3, d5, P5, M6, M7', 140),
('Raga Sohini', 'P1, m2, M3, P4, m6, M7', 140),
('Raga Sorati', 'P1, M2, P4, P5, M6, m7, M7', 140),
('Raga Sowrashtram', 'P1, m2, M3, P4, P5, M6, M7', 140),
('Raga Sriraga', 'P1, M2, m3, P4, P5, M6, m7', 140),
('Raga Sriranjani', 'P1, M2, m3, P4, M6, m7', 140),
('Raga Srutiranjani', 'P1, M2, M3, d5, P5, m6, M6', 140),
('Raga Sthavarajam', 'P1, m2, m3, d5, P5, M6, m7', 140),
('Raga Suddha Bangala', 'P1, M2, m3, P4, P5, M6', 140),
('Raga Suddha Dhanyasi (Dhani)', 'P1, m3, P4, P5, m7', 140),
('Raga Suddha Mukhari', 'P1, m2, M2, P4, m6, M6', 140),
('Raga Suddha Pancama', 'P1, m2, M3, P4, d5, m6, M7', 140),
('Raga Suddha Ramakriya', 'P1, m2, M3, d5, P5, m6, M7', 140),
('Raga Suddha Saveri', 'P1, M2, P4, P5, M6', 140),
('Raga Suddha Simantini', 'P1, m2, m3, P4, P5, m6', 140),
('Raga Suddha Todi', 'P1, m2, m3, P4, m6, m7', 140),
('Raga Suha Kanada', 'P1, P5, m6, m7', 140),
('Raga Suha Sughrai', 'P1, M2, m3, P4, P5, m7', 140),
('Raga Sumukam', 'P1, M2, A4, M7', 140),
('Raga Suposhini', 'P1, M2, P4, P5, M6, m7', 140),
('Raga Supradhipam', 'P1, m2, M3, P4, P5, M6, M7', 140),
('Raga Surati', 'P1, M2, M3, P4, P5, M6, m7', 140),
('Raga Sur Malhar', 'P1, M2, P4, P5, M6, m7, M7', 140),
('Raga Surya', 'P1, m3, P4, M6, m7', 140),
('Raga Sutradhari', 'P1, M2, P4, P5, m6', 140),
('Raga Syamalam', 'P1, M2, m3, d5, P5, m6', 140),
('Raga Takka', 'P1, m3, P4, P5, m6, M7', 140),
('Raga Tanukirti', 'P1, m2, M2, P4, P5, m7, M7', 140),
('Raga Tarangini', 'P1, M2, M3, P4, P5, m6, m7', 140),
('Raga Tilang', 'P1, M3, P4, P5, m7, M7', 140),
('Raga Tivravahini', 'P1, m2, m3, d5, P5, M6, m7', 140),
('Raga Trimurti', 'P1, M2, m3, P5, m6, m7', 140),
('Raga Trishuli', 'P1, m3, M3, P4, P5, M6, M7', 140),
('Raga Udayaravicandrika', 'P1, m3, P4, P5, M7', 140),
('Raga Udhayaravi Chandrika', 'P1, m3, P4, P5, m7', 140),
('Raga Vaijayanti', 'P1, M2, A4, P5, M7', 140),
('Raga Valaji', 'P1, M3, P5, M6, m7', 140),
('Raga Vamsavathi', 'P1, m2, m3, d5, P5, m7, M7', 140),
('Raga Varali', 'P1, m2, M2, d5, P5, m6, M7', 140),
('Raga Varamu', 'P1, m3, P4, M6, m7', 140),
('Raga Varini', 'P1, m3, P5, m6, m7', 140),
('Raga Vasantha', 'P1, M2, m3, P4, P5, m6, M7', 140),
('Raga Vasantha 2', 'P1, m2, M3, P4, M6, M7', 140),
('Raga Vasantha (bhairavi)', 'P1, m2, M3, P4, m6, m7', 140),
('Raga Vativasanta (bhairavi)', 'P1, m2, M3, P4, P5, m6, m7', 140),
('Raga Vegavahini', 'P1, m2, M3, P4, P5, M6, m7', 140),
('Raga Velavali', 'P1, M2, m3, P4, P5, M6, M7', 140),
('Raga Vibhas (bhairava)', 'P1, m2, M3, P5, m6', 140),
('Raga Vibhas (marva)', 'P1, m2, M3, P5, M6', 140),
('Raga Vibhavari (Revati)', 'P1, m2, P4, P5, m7', 140),
('Raga Vijayanagari', 'P1, M2, m3, d5, P5, M6', 140),
('Raga Vijayasri', 'P1, m2, M2, d5, P5, M7', 140),
('Raga Vijayavasanta', 'P1, M3, A4, P5, m7, M7', 140),
('Raga Vilasini', 'P1, M2, M3, P4, P5, M7', 140),
('Raga Viravasantham', 'P1, M2, m3, P4, P5, m7, M7', 140),
('Raga Vivardhini', 'P1, M2, M3, P4, P5, m7', 140),
('Raga Viyogavarali', 'P1, m2, m3, P4, m6, M7', 140),
('Raga Vutari', 'P1, M3, A4, P5, M6, m7', 140),
('Raga Yaman Kalyan', 'P1, M2, M3, P4, d5, P5, M6, M7', 140),
('Raga Yamuna Kalyani', 'P1, M2, M3, A4, P5, M6', 140),
('Raga Yashranjani', 'P1, m2, d5, P5, m6', 140),
('Raga Zilaf', 'P1, M3, P4, P5, m6', 140),
('Raga Zilla', 'P1, M2, m3, M3, P4, P5, M6, m7', 140),
('Rast', 'P1, M2, M3, P4, P5, M6, M7', 34),
('Rast ascending', 'P1, M2, M3, P4, P5, M6, M7', 125),
('Rast descending', 'P8, m7, M6, P5, P4, M3, M2', 125),
('Ravel', 'P1, m2, m3, d4, d5, m6, m7', NULL),
('Relative Minor Pentatonic', 'P1, m3, P4, P5, m7', NULL),
('Ritsu', 'P1, m2, m3, P4, m6, m7', 149),
('Ritsu Gagaku', 'P1, M2, P4, P5, M6', 149),
('Ritsusen', 'P1, M2, P4, P5, M6', 149),
('Romanian Major', 'P1, m2, M3, A4, P5, M6, m7', 226),
('Romanian Minor', 'P1, M2, m3, A4, P5, M6, m7', 226),
('Rui Bin', 'P1, M2, P4, P5, m7', 74),
('Ryo', 'P1, M2, M3, P4, d5, P5, M6, m7, M7', 149),
('Ryosen', 'P1, M2, M3, P5, M6', 149),
('Ryukyu', 'P1, M3, P4, P5, M7', 149),
('Sabach Minor', 'P1, M2, m3, M3, P5, m6, m7', 125),
('Sakura', 'P1, m2, P4, P5, m6', 149),
('Sansagari', 'P1, P4, A6', 149),
('Scottish Hexatonic', 'P1, M2, M3, P4, P5, M6', 280), -- Scotland
('Scottish Pentatonic', 'P1, M2, P4, P5, M6', 280), -- Scotland
('Scriabin', 'P1, m2, M3, P5, M6', 280), -- Scotland
('Se', 'P1, M2, m3, P4, P5, m6, m7', 74),
('Sengah', 'P1, m3, M3, P4, P5, m6, M7', 125),
('Shang', 'P1, M2, M3, P4, P5, M6, m7', 74),
('Shang 2', 'P1, M2, P4, P5, m7', 74),
('Shostakovich', 'P1, m2, m3, M3, d5, P5, M6, M7', 227),
('Souzinak Minor', 'P1, M2, m3, d5, P5, M6, m7', 125),
('Spanish Gypsy', 'P1, m2, M3, P4, P5, m6, m7', 252),
('Spanish Major', 'P1, m2, M3, P4, P5, m6, m7', 252),
('Spanish Mode', 'P1, m2, m3, P4, P5, m6, m7', 252),
('Spanish Phrygian I', 'P1, m2, M3, P4, P5, m6, m7', 252),
('Spanish Phrygian II', 'P1, m2, m3, M3, P4, P5, m6, m7', 252),
('Spanish Phrygian III', 'P1, M2, m3, A4, P5, M6, m7', 252),
('Super Locrian', 'P1, m2, m3, d4, d5, m6, m7', NULL),
('Super Locrian Diminished', 'P1, m2, m3, d4, d5, m6, d7', NULL),
('Suspended Pentatonic', 'P1, M2, P4, P5, m7', NULL),
('Symmetrical Diminished', 'P1, m2, m3, M3, A4, P5, M6, m7', NULL),
('Symmetrical Decatonic', 'P1, m2, M2, M3, P4, d5, P5, m6, m7, M7',  NULL),
('Synthetic Mixture #5', 'P1, M2, M3, A4, A5, M6, m7', NULL),
('Syrian pentatonic', 'P1, m2, M3, P4, m6', 262),
('Tabahaniotiko', 'P1, M2, M3, P4, P5, m6, M7', 125),
('Taishikicho', 'P1, M2, M3, P4, d5, P5, M6, m7, M7', 149),
('Takemitsu Tree Line mode 1', 'P1, M2, m3, d5, m6, M7', 149),
('Takemitsu Tree Line mode 2', 'P1, M2, m3, d5, m6, m7', 149),
('Tcherepnin Nine-Note Mode I', 'P1, m2, m3, M3, P4, P5, m6, M6, M7', 227),
('Tcherepnin Major Pentatonic Mode I', 'P1, M2, M3, P5, M6', 227),
('Tcherepnin Major Pentatonic Mode II', 'P1, M2, P4, P5, M7', 227),
('Tcherepnin Major Pentatonic Mode III', 'P1, m3, P4, m6, m7', 227),
('Tcherepnin Major Pentatonic Mode IV', 'P1, M2, P4, P5, M6', 227),
('Tcherepnin Major Pentatonic Mode V', 'P1, m3, P4, P5, m7', 227),
('Tcherepnin Minor Pentatonic Mode I', 'P1, M2, m3, P5, m6', 227),
('Tcherepnin Minor Pentatonic Mode II', 'P1, m2, P4, d5, m7', 227),
('Tcherepnin Minor Pentatonic Mode III', 'P1, M3, P4, M6, M7', 227),
('Tcherepnin Minor Pentatonic Mode IV', 'P1, m2, P4, P5, m6', 227),
('Tcherepnin Minor Pentatonic Mode V', 'P1, M3, A4, P5, M7', 227),
('Tetrardus authenticus', 'P1, M2, M3, P4, P5, M6, m7', NULL),
('Tetrardus plagis', 'P1, M2, m3, P4, P5, M6, m7', NULL),
('Three Semitone', 'P1, A2, A4, M6', NULL),
('Tizita Major', 'P1, M2, M3, P5, M6', 99),
('Tizita Minor', 'P1, m2, m3, P5, m6', 99),
('Todi Thaat', 'P1, m2, m3, P4, P5, m6, m7', 149),
('Todi Thaat 2', 'P1, m2, m3, d5, P5, m6, M7', 149),
('Tritus authenticus', 'P1, m2, m3, d5, P5, m6, M7', NULL),
('Tritus plagis', 'P1, M2, M3, P4, P5, M6, M7', NULL),
('Tsinganikos', 'P1, m2, M3, P4, d5, M6, m7', 125),
('Tunisian', 'P1, M2, m3, d5, P5, M6, m7', 270),
('Ultra Locrian', 'P1, m2, m3, d4, d5, m6, d7', NULL),
('Ujo', 'P1, M2, P4, P5, M6', 154),
('Ute tritonic', 'P1, m3, m7', 3), -- Native North American
('Utility Minor', 'P1, M2, m3, P4, P5, m6, m7, M7', NULL),
('Van der Horst Octatonic', 'P1, m2, m3, P4, d5, P5, M6, M7', 93),
('Verdi''s Enigmatic ascending', 'P1, m2, M3, d5, m6, m7, M7', 146),
('Verdi''s Enigmatic descending', 'P8, M7, m6, P5, M3, M2, m2', 146),
('Verdi''s Scala Enigmatica', 'P1, m2, M3, P4, d5, m6, m7, M7', 146),
('Warao ditonic', 'P1, A6', 5), -- Native South American
('Warao tetratonic', 'P1, M2, m3, m7', 5), -- Native South American
('Warao tritonic', 'P1, P4, P5', 5), -- Native South American
('Whole-Half step', 'P1, M2, m3, P4, d5, m6, M6, M7', NULL),
('Whole-Half tone', 'P1, M2, m3, P4, d5, m6, M6, M7', NULL),
('Whole-tone I', 'P1, M2, M3, A4, A5, A6', NULL),
('Xin', 'P1, M2, M3, P4, P5, M6, M7', 74),
('Yishtabach', 'P1, m2, m3, P4, d5, m6, m7', 145), -- Israelian
('Yi Ze', 'P1, m3, P4, m6, m7', 74),
('Yo (shomyo, Gagaku)', 'P1, M2, P4, P5, M6', 149),
('Yona Nuki Major', 'P1, M2, M3, P5, M6', 149),
('Yona Nuki Minor', 'P1, M2, m3, P5, m6', 149),
('Yosen', 'P1, M2, P4, P5, M6, m7', 149),
('Youlan', 'P1, m2, M2, M3, P4, d5, P5, M6, m7', 74),
('Yu', 'P1, M2, m3, P4, P5, M6, m7', 74),
('Yu 2', 'P1, m3, P4, P5, m7', 74),
('Zhalibny Minor', 'P1, M2, m3, P4, P5, m6, M7', NULL),
('Zheng', 'P1, M2, P4, P5, M6', 74),
('Zhi', 'P1, M2, P4, P5, M6', 74),
('Zirafkend : Arabic', 'P1, M2, m3, P4, P5, m6, M6, M7', 239),
('Zokuso', 'P1, m2, m3, P4, P5, m6, m7', 149);